"Date","Price","Open","High","Low","Vol.","Change %"
"12/31/2023","2,929.18","2,972.77","2,976.27","2,916.72","115.56B","-1.54%"
"12/24/2023","2,974.93","2,909.88","2,975.03","2,890.17","133.57B","2.06%"
"12/17/2023","2,914.78","2,936.58","2,951.15","2,882.02","140.37B","-0.94%"
"12/10/2023","2,942.56","2,956.29","3,003.75","2,930.42","149.14B","-0.91%"
"12/03/2023","2,969.56","3,033.30","3,038.98","2,949.14","154.16B","-2.05%"
"11/26/2023","3,031.64","3,038.19","3,039.69","3,010.23","142.64B","-0.31%"
"11/19/2023","3,040.97","3,056.93","3,089.77","3,034.30","147.17B","-0.44%"
"11/12/2023","3,054.37","3,044.03","3,080.13","3,028.17","142.82B","0.51%"
"11/05/2023","3,038.97","3,047.13","3,064.58","3,027.09","163.67B","0.27%"
"10/29/2023","3,030.80","3,009.61","3,040.98","3,002.35","149.79B","0.43%"
"10/22/2023","3,017.78","2,969.79","3,029.21","2,923.51","153.59B","1.16%"
"10/15/2023","2,983.06","3,091.06","3,091.13","2,977.17","136.27B","-3.40%"
"10/08/2023","3,088.10","3,100.00","3,109.99","3,071.94","130.96B","-0.72%"
"09/24/2023","3,110.48","3,131.21","3,131.21","3,102.27","95.75B","-0.70%"
"09/17/2023","3,132.43","3,110.44","3,132.56","3,078.80","125.59B","0.47%"
"09/10/2023","3,117.74","3,119.61","3,155.10","3,106.97","133.08B","0.03%"
"09/03/2023","3,116.72","3,145.94","3,177.06","3,104.67","142.48B","-0.53%"
"08/27/2023","3,133.25","3,219.04","3,219.04","3,089.12","183.78B","2.26%"
"08/20/2023","3,064.07","3,125.99","3,134.96","3,053.04","144.07B","-2.17%"
"08/13/2023","3,131.95","3,159.71","3,186.23","3,123.25","144.39B","-1.80%"
"08/06/2023","3,189.25","3,276.78","3,276.78","3,189.25","156.56B","-3.01%"
"07/30/2023","3,288.08","3,287.21","3,322.13","3,247.27","217.99B","0.37%"
"07/23/2023","3,275.93","3,157.47","3,280.28","3,151.13","162.06B","3.42%"
"07/16/2023","3,167.75","3,219.02","3,219.02","3,157.33","116.69B","-2.16%"
"07/09/2023","3,237.70","3,208.73","3,248.39","3,192.66","128.55B","1.29%"
"07/02/2023","3,196.61","3,209.16","3,246.96","3,189.21","135.74B","-0.17%"
"06/25/2023","3,202.06","3,177.23","3,212.99","3,144.25","138.77B","0.13%"
"06/18/2023","3,197.90","3,271.16","3,271.16","3,197.90","92.04B","-2.30%"
"06/11/2023","3,273.33","3,225.30","3,276.55","3,210.71","153.75B","1.30%"
"06/04/2023","3,231.41","3,231.81","3,247.35","3,180.54","145.21B","0.04%"
"05/28/2023","3,230.07","3,219.76","3,233.99","3,186.63","150.25B","0.55%"
"05/21/2023","3,212.50","3,278.60","3,308.53","3,168.57","138.32B","-2.16%"
"05/14/2023","3,283.54","3,269.88","3,317.90","3,235.87","159.16B","0.34%"
"05/07/2023","3,272.36","3,340.99","3,418.95","3,271.43","226.04B","-1.86%"
"04/30/2023","3,334.50","3,306.48","3,364.14","3,302.03","91.99B","0.34%"
"04/23/2023","3,323.27","3,300.81","3,324.88","3,229.45","183.62B","0.67%"
"04/16/2023","3,301.26","3,337.06","3,396.17","3,301.26","183.51B","-1.11%"
"04/09/2023","3,338.15","3,331.51","3,340.08","3,298.25","169.06B","0.32%"
"04/02/2023","3,327.65","3,277.34","3,328.85","3,276.42","135.37B","1.67%"
"03/26/2023","3,272.86","3,261.82","3,278.42","3,220.98","151.40B","0.22%"
"03/19/2023","3,265.65","3,253.93","3,286.65","3,231.65","161.58B","0.46%"
"03/12/2023","3,250.55","3,228.12","3,279.92","3,216.99","159.04B","0.63%"
"03/05/2023","3,230.08","3,332.02","3,342.86","3,229.50","153.61B","-2.95%"
"02/26/2023","3,328.39","3,257.00","3,330.60","3,246.14","148.54B","1.87%"
"02/19/2023","3,267.16","3,230.47","3,308.79","3,225.84","140.14B","1.34%"
"02/12/2023","3,224.02","3,256.99","3,308.83","3,223.26","149.74B","-1.12%"
"02/05/2023","3,260.67","3,244.70","3,270.38","3,225.77","126.79B","-0.08%"
"01/29/2023","3,263.41","3,308.87","3,310.49","3,235.35","161.97B","-0.04%"
"01/15/2023","3,264.81","3,198.52","3,267.06","3,197.32","124.51B","2.18%"
"01/08/2023","3,195.31","3,169.37","3,195.31","3,153.40","116.57B","1.19%"
"01/01/2023","3,157.64","3,087.51","3,170.74","3,073.05","106.91B","2.21%"
"12/25/2022","3,089.26","3,048.20","3,098.65","3,047.35","108.64B","1.42%"
"12/18/2022","3,045.87","3,165.31","3,170.26","3,031.54","110.21B","-3.85%"
"12/11/2022","3,167.86","3,195.87","3,196.72","3,151.61","138.76B","-1.22%"
"12/04/2022","3,206.95","3,181.92","3,226.08","3,177.06","186.94B","1.61%"
"11/27/2022","3,156.14","3,055.29","3,198.41","3,034.70","176.48B","1.76%"
"11/20/2022","3,101.69","3,078.06","3,118.12","3,056.17","148.87B","0.14%"
"11/13/2022","3,097.24","3,100.87","3,145.75","3,074.50","158.37B","0.32%"
"11/06/2022","3,087.29","3,062.86","3,117.74","3,022.85","149.27B","0.54%"
"10/30/2022","3,070.80","2,893.20","3,081.59","2,885.09","153.60B","5.31%"
"10/23/2022","2,915.93","3,034.75","3,064.42","2,908.98","138.05B","-4.05%"
"10/16/2022","3,038.93","3,060.52","3,099.92","3,013.69","122.91B","-1.08%"
"10/09/2022","3,071.99","3,026.94","3,084.27","2,934.09","122.70B","1.57%"
"09/25/2022","3,024.39","3,067.57","3,102.65","3,021.93","115.97B","-2.07%"
"09/18/2022","3,088.37","3,122.75","3,140.03","3,072.24","116.62B","-1.22%"
"09/11/2022","3,126.40","3,272.05","3,278.17","3,126.40","117.31B","-4.16%"
"09/04/2022","3,262.05","3,183.95","3,266.20","3,172.04","146.61B","2.37%"
"08/28/2022","3,186.48","3,203.10","3,243.75","3,173.79","146.09B","-1.54%"
"08/21/2022","3,236.22","3,249.70","3,284.60","3,199.12","164.34B","-0.67%"
"08/14/2022","3,258.08","3,268.37","3,296.00","3,258.06","155.20B","-0.57%"
"08/07/2022","3,276.89","3,218.85","3,288.22","3,214.08","137.20B","1.55%"
"07/31/2022","3,227.03","3,246.62","3,264.30","3,155.19","154.68B","-0.81%"
"07/24/2022","3,253.24","3,269.71","3,305.71","3,243.03","137.52B","-0.51%"
"07/17/2022","3,269.97","3,235.09","3,308.35","3,226.23","159.86B","1.30%"
"07/10/2022","3,228.06","3,341.10","3,341.10","3,228.06","174.52B","-3.81%"
"07/03/2022","3,356.08","3,381.82","3,424.84","3,332.31","181.14B","-0.93%"
"06/26/2022","3,387.64","3,364.00","3,417.01","3,358.47","199.85B","1.13%"
"06/19/2022","3,349.75","3,315.78","3,356.71","3,262.29","197.49B","0.99%"
"06/12/2022","3,316.79","3,256.27","3,358.55","3,195.82","226.81B","0.97%"
"06/05/2022","3,284.83","3,196.96","3,286.62","3,181.65","212.10B","2.80%"
"05/29/2022","3,195.46","3,141.96","3,197.28","3,123.15","145.13B","2.08%"
"05/22/2022","3,130.24","3,150.49","3,153.13","3,069.95","184.17B","-0.52%"
"05/15/2022","3,146.57","3,100.55","3,146.57","3,042.67","169.24B","2.02%"
"05/08/2022","3,084.28","2,990.20","3,100.90","2,957.40","176.29B","2.76%"
"05/01/2022","3,001.56","3,044.85","3,082.23","2,992.72","72.63B","-1.49%"
"04/24/2022","3,047.06","3,034.27","3,048.49","2,863.65","205.76B","-1.29%"
"04/17/2022","3,086.92","3,185.94","3,207.83","3,049.36","178.33B","-3.87%"
"04/10/2022","3,211.24","3,239.85","3,240.00","3,140.90","201.27B","-1.25%"
"04/03/2022","3,251.85","3,269.43","3,290.26","3,208.35","124.61B","-0.94%"
"03/27/2022","3,282.72","3,185.17","3,287.23","3,159.83","180.47B","2.19%"
"03/20/2022","3,212.24","3,255.62","3,279.89","3,211.64","173.43B","-1.19%"
"03/13/2022","3,251.07","3,271.89","3,297.80","3,023.30","204.15B","-1.77%"
"03/06/2022","3,309.75","3,438.56","3,438.56","3,147.68","203.82B","-4.00%"
"02/27/2022","3,447.65","3,450.32","3,500.29","3,425.52","180.73B","-0.11%"
"02/20/2022","3,451.41","3,488.41","3,492.20","3,400.21","181.93B","-1.13%"
"02/13/2022","3,490.76","3,451.85","3,490.76","3,415.45","145.82B","0.80%"
"02/06/2022","3,462.95","3,407.76","3,500.15","3,390.46","175.39B","3.02%"
"01/23/2022","3,361.44","3,508.24","3,531.61","3,356.56","145.42B","-4.57%"
"01/16/2022","3,522.57","3,522.09","3,579.31","3,514.89","172.93B","0.04%"
"01/09/2022","3,521.26","3,572.74","3,602.15","3,519.32","180.54B","-1.63%"
"01/02/2022","3,579.54","3,649.15","3,651.89","3,559.88","163.68B","-1.65%"
"12/26/2021","3,639.78","3,613.05","3,642.84","3,595.50","158.81B","0.60%"
"12/19/2021","3,618.05","3,620.04","3,648.96","3,589.36","200.01B","-0.39%"
"12/12/2021","3,632.36","3,686.94","3,708.94","3,631.66","195.36B","-0.93%"
"12/05/2021","3,666.35","3,615.24","3,688.40","3,572.57","203.55B","1.63%"
"11/28/2021","3,607.43","3,528.67","3,608.47","3,526.35","174.43B","1.22%"
"11/21/2021","3,564.09","3,562.76","3,602.74","3,554.88","163.42B","0.10%"
"11/14/2021","3,560.37","3,542.90","3,561.91","3,513.11","153.06B","0.60%"
"11/07/2021","3,539.10","3,491.97","3,543.65","3,448.44","152.33B","1.36%"
"10/31/2021","3,491.57","3,530.40","3,559.05","3,477.66","178.04B","-1.57%"
"10/24/2021","3,547.34","3,574.26","3,625.02","3,502.80","174.61B","-0.98%"
"10/17/2021","3,582.60","3,571.05","3,610.96","3,539.48","172.49B","0.29%"
"10/10/2021","3,572.37","3,600.36","3,614.70","3,515.14","174.01B","-0.55%"
"10/03/2021","3,592.17","3,609.09","3,612.55","3,571.73","40.72B","0.67%"
"09/26/2021","3,568.17","3,625.96","3,640.81","3,518.05","180.31B","-1.24%"
"09/19/2021","3,613.07","3,563.21","3,670.95","3,560.50","151.46B","-0.02%"
"09/12/2021","3,613.97","3,699.25","3,723.85","3,569.27","266.10B","-2.41%"
"09/05/2021","3,703.11","3,580.14","3,722.87","3,580.14","289.59B","3.39%"
"08/29/2021","3,581.73","3,535.07","3,613.95","3,496.39","289.15B","1.69%"
"08/22/2021","3,522.16","3,436.80","3,540.39","3,436.67","222.33B","2.77%"
"08/15/2021","3,427.33","3,514.34","3,537.85","3,394.97","197.67B","-2.53%"
"08/08/2021","3,516.30","3,441.75","3,544.09","3,438.70","183.81B","1.68%"
"08/01/2021","3,458.23","3,385.69","3,486.16","3,367.64","186.76B","1.79%"
"07/25/2021","3,397.36","3,538.01","3,538.01","3,312.72","203.38B","-4.31%"
"07/18/2021","3,550.40","3,530.49","3,576.47","3,506.34","179.70B","0.31%"
"07/11/2021","3,539.30","3,545.20","3,567.48","3,514.26","186.76B","0.43%"
"07/04/2021","3,524.09","3,516.92","3,558.68","3,485.05","162.18B","0.15%"
"06/27/2021","3,518.76","3,612.25","3,614.36","3,514.34","147.93B","-2.46%"
"06/20/2021","3,607.56","3,515.50","3,614.30","3,504.01","158.07B","2.34%"
"06/13/2021","3,525.10","3,587.47","3,592.95","3,503.18","123.57B","-1.80%"
"06/06/2021","3,589.75","3,597.14","3,624.34","3,563.25","158.53B","-0.06%"
"05/30/2021","3,591.84","3,600.07","3,629.29","3,561.89","171.80B","-0.25%"
"05/23/2021","3,600.78","3,486.27","3,626.36","3,469.87","163.15B","3.28%"
"05/16/2021","3,486.56","3,490.41","3,530.51","3,479.67","148.16B","-0.11%"
"05/09/2021","3,490.38","3,423.59","3,490.64","3,384.70","169.29B","2.09%"
"05/02/2021","3,418.87","3,446.07","3,471.24","3,416.78","66.42B","-0.81%"
"04/25/2021","3,446.86","3,484.11","3,497.12","3,417.26","136.67B","-0.79%"
"04/18/2021","3,474.17","3,427.55","3,494.30","3,414.36","134.23B","1.39%"
"04/11/2021","3,426.62","3,445.97","3,456.16","3,373.09","130.60B","-0.70%"
"04/04/2021","3,450.68","3,491.63","3,495.91","3,442.14","114.24B","-0.97%"
"03/28/2021","3,484.39","3,429.63","3,487.59","3,409.89","139.12B","1.93%"
"03/21/2021","3,418.33","3,406.12","3,445.42","3,344.97","150.16B","0.40%"
"03/14/2021","3,404.66","3,441.88","3,478.14","3,389.29","155.81B","-1.40%"
"03/07/2021","3,453.08","3,524.98","3,542.30","3,328.31","177.46B","-1.40%"
"02/28/2021","3,501.99","3,531.48","3,577.62","3,456.67","175.30B","-0.20%"
"02/21/2021","3,509.08","3,707.19","3,717.27","3,500.70","194.94B","-5.06%"
"02/14/2021","3,696.17","3,721.09","3,731.69","3,634.01","70.14B","1.12%"
"02/07/2021","3,655.09","3,504.56","3,662.77","3,492.13","76.16B","4.54%"
"01/31/2021","3,496.33","3,477.17","3,544.01","3,465.77","142.84B","0.38%"
"01/24/2021","3,483.07","3,605.36","3,637.10","3,446.55","143.41B","-3.43%"
"01/17/2021","3,606.75","3,554.80","3,636.24","3,544.26","154.93B","1.13%"
"01/10/2021","3,566.38","3,571.32","3,622.35","3,516.99","174.63B","-0.10%"
"01/03/2021","3,570.11","3,474.68","3,588.06","3,457.21","190.99B","2.79%"
"12/27/2020","3,473.07","3,396.36","3,474.92","3,374.42","125.47B","2.25%"
"12/20/2020","3,396.56","3,394.39","3,423.61","3,348.35","147.59B","0.05%"
"12/13/2020","3,394.90","3,349.53","3,413.81","3,338.63","124.27B","1.43%"
"12/06/2020","3,347.19","3,446.65","3,449.58","3,325.17","128.81B","-2.83%"
"11/29/2020","3,444.58","3,418.16","3,465.73","3,386.91","156.87B","1.06%"
"11/22/2020","3,408.31","3,384.10","3,431.65","3,344.28","153.35B","0.91%"
"11/15/2020","3,377.73","3,325.62","3,380.15","3,313.65","136.53B","2.04%"
"11/08/2020","3,310.10","3,329.43","3,387.62","3,291.64","130.45B","-0.06%"
"11/01/2020","3,312.16","3,228.72","3,326.46","3,209.91","109.23B","2.72%"
"10/25/2020","3,224.53","3,258.70","3,289.77","3,219.42","90.49B","-1.63%"
"10/18/2020","3,278.00","3,351.10","3,371.09","3,276.62","89.52B","-1.75%"
"10/11/2020","3,336.36","3,287.33","3,361.83","3,286.11","104.85B","1.96%"
"10/04/2020","3,272.08","3,262.61","3,280.51","3,260.19","18.83B","1.68%"
"09/27/2020","3,218.05","3,224.98","3,244.91","3,202.34","46.08B","-0.04%"
"09/20/2020","3,219.42","3,348.90","3,350.59","3,208.03","97.12B","-3.56%"
"09/13/2020","3,338.09","3,275.92","3,338.32","3,248.50","107.12B","2.38%"
"09/06/2020","3,260.35","3,349.92","3,368.24","3,220.54","141.74B","-2.83%"
"08/30/2020","3,355.37","3,416.55","3,442.74","3,328.55","130.90B","-1.42%"
"08/23/2020","3,403.81","3,391.11","3,408.87","3,312.99","134.62B","0.68%"
"08/16/2020","3,380.68","3,373.90","3,456.72","3,352.78","184.41B","0.61%"
"08/09/2020","3,360.10","3,341.53","3,409.06","3,263.27","179.05B","0.18%"
"08/02/2020","3,354.04","3,332.18","3,392.70","3,307.71","205.48B","1.33%"
"07/26/2020","3,310.01","3,210.39","3,333.79","3,174.66","160.81B","3.54%"
"07/19/2020","3,196.77","3,243.91","3,381.98","3,184.96","200.52B","-0.54%"
"07/12/2020","3,214.13","3,379.39","3,458.79","3,181.27","244.35B","-5.00%"
"07/05/2020","3,383.32","3,187.84","3,456.97","3,187.84","306.49B","7.31%"
"06/28/2020","3,152.81","2,973.08","3,152.81","2,951.77","155.88B","5.82%"
"06/21/2020","2,979.55","2,966.90","2,983.44","2,949.85","70.63B","0.40%"
"06/14/2020","2,967.63","2,908.28","2,973.32","2,890.03","122.42B","1.64%"
"06/07/2020","2,919.74","2,941.98","2,957.12","2,872.62","111.78B","-0.38%"
"05/31/2020","2,930.80","2,871.96","2,942.76","2,871.96","121.59B","2.75%"
"05/24/2020","2,852.35","2,816.24","2,861.92","2,802.47","95.99B","1.37%"
"05/17/2020","2,813.77","2,872.52","2,900.22","2,808.02","104.64B","-1.91%"
"05/10/2020","2,868.46","2,901.57","2,914.28","2,863.37","99.40B","-0.93%"
"05/03/2020","2,895.34","2,831.63","2,903.80","2,830.65","70.34B","1.23%"
"04/26/2020","2,860.08","2,812.24","2,865.59","2,758.25","90.85B","1.84%"
"04/19/2020","2,808.53","2,840.41","2,853.64","2,802.50","114.64B","-1.06%"
"04/12/2020","2,838.49","2,784.60","2,854.96","2,774.08","103.42B","1.50%"
"04/05/2020","2,796.63","2,806.97","2,833.01","2,789.98","98.53B","1.18%"
"03/29/2020","2,763.99","2,739.72","2,780.64","2,719.90","109.43B","-0.30%"
"03/22/2020","2,772.20","2,677.59","2,805.55","2,656.50","125.48B","0.97%"
"03/15/2020","2,745.62","2,897.30","2,898.03","2,646.80","150.35B","-4.91%"
"03/08/2020","2,887.43","2,987.18","3,010.03","2,799.98","183.46B","-4.85%"
"03/01/2020","3,034.51","2,899.31","3,074.26","2,899.31","193.83B","5.35%"
"02/23/2020","2,880.30","3,027.89","3,042.18","2,878.54","203.28B","-5.24%"
"02/16/2020","3,039.67","2,924.99","3,058.90","2,924.99","165.03B","4.21%"
"02/09/2020","2,917.01","2,860.50","2,935.41","2,851.05","133.83B","1.43%"
"02/02/2020","2,875.96","2,716.70","2,876.59","2,685.27","151.56B","-3.38%"
"01/19/2020","2,976.53","3,082.11","3,096.31","2,955.35","94.19B","-3.22%"
"01/12/2020","3,075.50","3,091.49","3,127.17","3,067.25","103.66B","-0.54%"
"01/05/2020","3,092.29","3,070.91","3,107.20","3,059.13","134.09B","0.28%"
"12/29/2019","3,083.79","2,998.17","3,098.10","2,983.34","101.95B","2.62%"
"12/22/2019","3,005.04","2,999.04","3,036.11","2,960.44","97.39B","0.00%"
"12/15/2019","3,004.94","2,970.97","3,039.38","2,958.71","117.27B","1.26%"
"12/08/2019","2,967.68","2,914.46","2,969.98","2,902.79","86.02B","1.91%"
"12/01/2019","2,912.01","2,874.45","2,912.01","2,857.32","65.54B","1.39%"
"11/24/2019","2,871.98","2,885.61","2,915.04","2,858.58","72.46B","-0.46%"
"11/17/2019","2,885.29","2,889.55","2,933.99","2,873.99","67.93B","-0.21%"
"11/10/2019","2,891.34","2,949.96","2,949.96","2,891.20","68.21B","-2.46%"
"11/03/2019","2,964.18","2,964.58","3,008.31","2,962.84","79.91B","0.20%"
"10/27/2019","2,958.20","2,958.69","2,980.13","2,917.15","82.01B","0.11%"
"10/20/2019","2,954.93","2,933.90","2,958.24","2,917.69","63.72B","0.57%"
"10/13/2019","2,938.14","2,993.96","3,026.38","2,933.24","78.64B","-1.19%"
"10/06/2019","2,973.66","2,905.76","2,980.79","2,891.54","55.14B","2.36%"
"09/29/2019","2,905.19","2,927.92","2,936.48","2,905.19","11.67B","-0.92%"
"09/22/2019","2,932.17","2,998.40","3,002.90","2,920.93","82.24B","-2.47%"
"09/15/2019","3,006.45","3,041.92","3,042.93","2,970.57","95.81B","-0.82%"
"09/08/2019","3,031.24","3,023.78","3,033.47","3,004.22","91.02B","1.05%"
"09/01/2019","2,999.60","2,886.94","3,015.84","2,883.68","113.95B","3.93%"
"08/25/2019","2,886.24","2,851.02","2,919.64","2,849.24","93.37B","-0.39%"
"08/18/2019","2,897.43","2,835.52","2,902.46","2,829.85","87.16B","2.61%"
"08/11/2019","2,823.82","2,781.98","2,840.32","2,756.83","70.78B","1.77%"
"08/04/2019","2,774.75","2,854.58","2,863.69","2,733.92","85.40B","-3.25%"
"07/28/2019","2,867.84","2,943.92","2,965.63","2,851.44","74.46B","-2.60%"
"07/21/2019","2,944.54","2,925.79","2,948.33","2,879.69","75.03B","0.70%"
"07/14/2019","2,924.20","2,921.55","2,955.00","2,886.70","74.85B","-0.22%"
"07/07/2019","2,930.55","2,997.81","2,997.81","2,905.81","77.36B","-2.67%"
"06/30/2019","3,011.06","3,024.62","3,048.48","2,990.92","102.88B","1.08%"
"06/23/2019","2,978.88","3,004.29","3,012.83","2,948.99","100.55B","-0.77%"
"06/16/2019","3,001.98","2,880.42","3,010.35","2,874.31","111.04B","4.16%"
"06/09/2019","2,881.97","2,833.01","2,927.43","2,824.36","109.58B","1.92%"
"06/02/2019","2,827.80","2,901.74","2,920.83","2,822.19","76.30B","-2.45%"
"05/26/2019","2,898.70","2,851.28","2,934.98","2,833.04","102.00B","1.60%"
"05/19/2019","2,852.99","2,874.80","2,919.24","2,838.45","98.54B","-1.02%"
"05/12/2019","2,882.30","2,905.07","2,956.78","2,872.83","116.56B","-1.94%"
"05/05/2019","2,939.21","2,984.73","2,986.54","2,838.38","129.41B","-4.52%"
"04/28/2019","3,078.34","3,090.63","3,107.76","3,050.03","51.44B","-0.26%"
"04/21/2019","3,086.40","3,278.49","3,279.49","3,085.80","156.32B","-5.64%"
"04/14/2019","3,270.80","3,233.46","3,275.33","3,153.21","170.50B","2.58%"
"04/07/2019","3,188.63","3,271.27","3,288.45","3,168.04","189.16B","-1.78%"
"03/31/2019","3,246.57","3,111.66","3,254.14","3,111.66","181.29B","5.04%"
"03/24/2019","3,090.76","3,058.80","3,093.03","2,987.77","168.84B","-0.43%"
"03/17/2019","3,104.15","3,027.80","3,125.02","3,009.51","188.64B","2.73%"
"03/10/2019","3,021.75","2,969.08","3,093.39","2,963.58","210.49B","1.75%"
"03/03/2019","2,969.86","3,015.94","3,129.94","2,969.58","266.65B","-0.81%"
"02/24/2019","2,994.00","2,838.39","2,997.49","2,838.39","226.52B","6.77%"
"02/17/2019","2,804.23","2,699.82","2,804.23","2,699.82","139.46B","4.54%"
"02/10/2019","2,682.39","2,613.17","2,729.46","2,613.17","97.58B","2.45%"
"01/27/2019","2,618.23","2,615.71","2,630.32","2,559.98","70.94B","0.63%"
"01/20/2019","2,601.72","2,599.06","2,618.98","2,569.70","76.08B","0.22%"
"01/13/2019","2,596.01","2,553.33","2,598.88","2,532.43","80.76B","1.65%"
"01/06/2019","2,553.83","2,528.70","2,574.41","2,515.51","83.66B","1.55%"
"12/30/2018","2,514.87","2,497.88","2,515.32","2,440.91","40.32B","0.84%"
"12/23/2018","2,493.90","2,506.74","2,532.00","2,462.84","60.15B","-0.89%"
"12/16/2018","2,516.25","2,587.26","2,599.15","2,498.69","57.83B","-2.99%"
"12/09/2018","2,593.74","2,589.19","2,645.84","2,576.24","61.47B","-0.47%"
"12/02/2018","2,605.89","2,647.13","2,666.08","2,599.28","78.07B","0.68%"
"11/25/2018","2,588.19","2,580.84","2,617.55","2,555.32","70.04B","0.34%"
"11/18/2018","2,579.48","2,681.90","2,703.51","2,577.35","97.09B","-3.72%"
"11/11/2018","2,679.11","2,593.20","2,695.57","2,590.21","111.28B","3.09%"
"11/04/2018","2,598.87","2,665.43","2,675.68","2,598.16","84.27B","-2.90%"
"10/28/2018","2,676.48","2,593.59","2,676.48","2,521.78","90.74B","2.99%"
"10/21/2018","2,598.85","2,565.64","2,675.41","2,531.53","87.13B","1.90%"
"10/14/2018","2,550.47","2,605.91","2,611.97","2,449.20","64.07B","-2.17%"
"10/07/2018","2,606.91","2,768.21","2,771.94","2,536.67","74.70B","-7.60%"
"09/23/2018","2,821.35","2,775.07","2,827.34","2,771.16","50.98B","0.85%"
"09/16/2018","2,797.48","2,671.29","2,797.49","2,644.30","61.50B","4.32%"
"09/09/2018","2,681.64","2,698.01","2,703.43","2,647.17","50.08B","-0.76%"
"09/02/2018","2,702.30","2,716.40","2,756.61","2,683.72","52.28B","-0.84%"
"08/26/2018","2,725.25","2,736.32","2,791.39","2,710.54","56.75B","-0.15%"
"08/19/2018","2,729.43","2,673.07","2,748.82","2,653.11","51.70B","2.27%"
"08/12/2018","2,668.97","2,769.02","2,789.80","2,665.59","58.60B","-4.52%"
"08/05/2018","2,795.31","2,736.53","2,806.11","2,692.32","70.02B","2.00%"
"07/29/2018","2,740.44","2,871.94","2,897.40","2,726.48","72.13B","-4.63%"
"07/22/2018","2,873.59","2,815.20","2,915.30","2,809.62","88.56B","1.57%"
"07/15/2018","2,829.27","2,827.08","2,837.86","2,753.84","59.45B","-0.07%"
"07/08/2018","2,831.18","2,752.45","2,844.19","2,752.43","63.01B","3.06%"
"07/01/2018","2,747.23","2,841.58","2,845.68","2,691.02","66.83B","-3.52%"
"06/24/2018","2,847.42","2,903.45","2,908.62","2,782.38","62.13B","-1.47%"
"06/17/2018","2,889.76","2,982.65","2,984.97","2,837.14","65.54B","-4.37%"
"06/10/2018","3,021.90","3,057.34","3,081.45","3,008.73","60.14B","-1.48%"
"06/03/2018","3,067.15","3,083.43","3,128.72","3,053.29","61.60B","-0.26%"
"05/27/2018","3,075.14","3,136.81","3,149.66","3,041.00","68.99B","-2.11%"
"05/20/2018","3,141.30","3,206.18","3,219.74","3,131.07","71.93B","-1.63%"
"05/13/2018","3,193.30","3,167.04","3,193.45","3,144.78","63.49B","0.95%"
"05/06/2018","3,163.26","3,094.90","3,180.76","3,091.66","67.22B","2.34%"
"04/29/2018","3,091.03","3,087.41","3,105.66","3,056.16","39.29B","0.29%"
"04/22/2018","3,082.23","3,063.44","3,136.04","3,045.94","68.65B","0.35%"
"04/15/2018","3,071.54","3,152.89","3,153.11","3,041.62","77.61B","-2.77%"
"04/08/2018","3,159.05","3,125.44","3,220.85","3,110.30","75.95B","0.89%"
"04/01/2018","3,131.11","3,169.78","3,192.34","3,119.13","47.69B","-1.19%"
"03/25/2018","3,168.90","3,117.32","3,177.72","3,091.46","86.39B","0.51%"
"03/18/2018","3,152.76","3,264.93","3,314.21","3,110.66","87.22B","-3.58%"
"03/11/2018","3,269.88","3,319.21","3,333.88","3,269.28","83.09B","-1.13%"
"03/04/2018","3,307.17","3,255.87","3,309.72","3,236.72","82.71B","1.62%"
"02/25/2018","3,254.53","3,307.30","3,335.99","3,228.58","82.38B","-1.05%"
"02/18/2018","3,289.02","3,237.57","3,294.13","3,234.12","28.45B","2.81%"
"02/11/2018","3,199.16","3,128.37","3,219.22","3,113.61","40.52B","2.21%"
"02/04/2018","3,129.85","3,411.67","3,487.72","3,062.74","121.68B","-9.60%"
"01/28/2018","3,462.08","3,563.64","3,587.03","3,388.86","109.83B","-2.70%"
"01/21/2018","3,558.13","3,476.99","3,574.90","3,475.67","117.53B","2.01%"
"01/14/2018","3,487.86","3,428.95","3,498.43","3,401.96","117.21B","1.72%"
"01/07/2018","3,428.94","3,391.55","3,435.42","3,384.56","98.46B","1.10%"
"12/31/2017","3,391.75","3,314.03","3,402.07","3,314.03","83.61B","2.56%"
"12/24/2017","3,307.17","3,296.21","3,312.30","3,263.73","76.90B","0.31%"
"12/17/2017","3,297.06","3,268.03","3,309.22","3,254.18","63.98B","0.95%"
"12/10/2017","3,266.14","3,290.49","3,322.67","3,259.39","62.01B","-0.72%"
"12/03/2017","3,289.99","3,310.38","3,324.00","3,254.61","77.33B","-0.83%"
"11/26/2017","3,317.62","3,346.66","3,347.05","3,300.78","78.43B","-1.08%"
"11/19/2017","3,353.82","3,361.36","3,442.18","3,328.33","96.18B","-0.86%"
"11/12/2017","3,382.91","3,435.18","3,450.49","3,373.30","97.68B","-1.45%"
"11/05/2017","3,432.67","3,369.68","3,438.79","3,356.53","87.86B","1.81%"
"10/29/2017","3,371.74","3,413.87","3,419.73","3,347.36","88.20B","-1.32%"
"10/22/2017","3,416.81","3,382.28","3,421.10","3,374.12","74.79B","1.13%"
"10/15/2017","3,378.65","3,393.21","3,400.51","3,359.63","74.26B","-0.35%"
"10/08/2017","3,390.52","3,403.25","3,410.17","3,358.80","85.44B","1.24%"
"09/24/2017","3,348.94","3,344.59","3,357.02","3,332.60","73.96B","-0.11%"
"09/17/2017","3,352.53","3,352.51","3,377.88","3,334.98","95.03B","-0.03%"
"09/10/2017","3,353.62","3,365.35","3,391.64","3,345.33","112.75B","-0.35%"
"09/03/2017","3,365.24","3,369.72","3,391.01","3,353.69","113.26B","-0.06%"
"08/27/2017","3,367.12","3,336.13","3,381.93","3,336.13","124.07B","1.07%"
"08/20/2017","3,331.52","3,274.58","3,331.91","3,266.36","92.18B","1.92%"
"08/13/2017","3,268.72","3,206.04","3,275.08","3,206.04","94.42B","1.88%"
"08/06/2017","3,208.54","3,257.67","3,285.48","3,200.75","122.25B","-1.64%"
"07/30/2017","3,262.08","3,252.75","3,305.43","3,251.19","125.91B","0.27%"
"07/23/2017","3,253.24","3,230.90","3,264.85","3,220.64","106.29B","0.47%"
"07/16/2017","3,237.98","3,219.79","3,247.71","3,139.50","116.74B","0.48%"
"07/09/2017","3,222.42","3,208.46","3,226.91","3,177.93","92.91B","0.14%"
"07/02/2017","3,217.96","3,192.00","3,219.52","3,174.31","78.22B","0.80%"
"06/25/2017","3,192.43","3,157.00","3,193.46","3,156.98","71.85B","1.09%"
"06/18/2017","3,157.87","3,122.16","3,186.98","3,118.09","75.90B","1.11%"
"06/11/2017","3,123.17","3,149.53","3,164.95","3,117.08","69.00B","-1.12%"
"06/04/2017","3,158.40","3,102.11","3,165.92","3,078.79","73.17B","1.70%"
"05/28/2017","3,105.54","3,125.33","3,143.28","3,081.85","45.85B","-0.15%"
"05/21/2017","3,110.06","3,087.17","3,120.66","3,022.30","81.91B","0.63%"
"05/14/2017","3,090.63","3,085.93","3,119.58","3,060.53","75.64B","0.23%"
"05/07/2017","3,083.51","3,090.07","3,093.45","3,016.53","82.74B","-0.63%"
"04/30/2017","3,103.04","3,147.23","3,154.78","3,092.09","67.22B","-1.64%"
"04/23/2017","3,154.66","3,164.25","3,164.25","3,097.33","88.43B","-0.58%"
"04/16/2017","3,173.15","3,229.95","3,229.95","3,147.07","97.03B","-2.25%"
"04/09/2017","3,246.07","3,285.46","3,290.39","3,238.90","120.52B","-1.23%"
"04/02/2017","3,286.62","3,235.66","3,295.19","3,233.24","72.97B","1.99%"
"03/26/2017","3,222.51","3,268.92","3,283.24","3,195.85","102.32B","-1.44%"
"03/19/2017","3,269.45","3,241.11","3,275.21","3,221.93","93.58B","0.99%"
"03/12/2017","3,237.45","3,209.45","3,274.19","3,193.16","84.47B","0.77%"
"03/05/2017","3,212.76","3,217.33","3,245.30","3,205.28","78.49B","-0.17%"
"02/26/2017","3,218.31","3,249.19","3,259.98","3,206.61","86.28B","-1.08%"
"02/19/2017","3,253.43","3,198.96","3,264.08","3,198.96","104.69B","1.60%"
"02/12/2017","3,202.08","3,198.99","3,238.40","3,198.99","109.37B","0.17%"
"02/05/2017","3,196.70","3,143.09","3,205.05","3,132.03","83.14B","1.80%"
"01/29/2017","3,140.17","3,160.08","3,162.68","3,136.01","9.22B","-0.60%"
"01/22/2017","3,159.17","3,125.42","3,163.10","3,125.42","48.46B","1.15%"
"01/15/2017","3,123.14","3,104.49","3,125.66","3,044.29","77.20B","0.33%"
"01/08/2017","3,112.76","3,148.53","3,174.58","3,102.16","83.50B","-1.32%"
"01/01/2017","3,154.32","3,105.31","3,172.03","3,105.31","66.79B","1.63%"
"12/25/2016","3,103.64","3,095.58","3,127.88","3,068.41","69.57B","-0.21%"
"12/18/2016","3,110.15","3,120.70","3,143.17","3,084.80","83.23B","-0.41%"
"12/11/2016","3,122.98","3,233.67","3,245.09","3,100.91","101.62B","-3.40%"
"12/04/2016","3,232.88","3,203.78","3,244.80","3,189.49","92.44B","-0.34%"
"11/27/2016","3,243.84","3,270.05","3,301.21","3,235.28","134.33B","-0.55%"
"11/20/2016","3,261.94","3,188.50","3,262.88","3,188.28","120.85B","2.16%"
"11/13/2016","3,192.86","3,187.71","3,221.46","3,186.80","121.63B","-0.10%"
"11/06/2016","3,196.04","3,124.89","3,202.74","3,096.95","116.64B","2.26%"
"10/30/2016","3,125.32","3,097.19","3,141.33","3,081.07","91.51B","0.68%"
"10/23/2016","3,104.27","3,092.05","3,137.03","3,090.79","97.53B","0.43%"
"10/16/2016","3,090.94","3,064.69","3,101.85","3,033.75","87.63B","0.89%"
"10/09/2016","3,063.81","3,020.46","3,066.10","3,014.62","77.99B","1.97%"
"09/25/2016","3,004.70","3,028.24","3,028.24","2,969.13","58.52B","-0.96%"
"09/18/2016","3,033.90","3,005.32","3,054.44","3,005.32","61.88B","1.03%"
"09/11/2016","3,002.85","3,037.51","3,040.95","2,995.42","47.48B","-2.47%"
"09/04/2016","3,078.85","3,070.71","3,105.68","3,053.19","81.14B","0.37%"
"08/28/2016","3,067.35","3,068.46","3,088.70","3,050.49","73.19B","-0.10%"
"08/21/2016","3,070.31","3,107.38","3,112.74","3,041.51","81.62B","-1.22%"
"08/14/2016","3,108.10","3,056.48","3,140.44","3,053.87","121.35B","1.88%"
"08/07/2016","3,050.67","2,972.62","3,051.05","2,959.05","82.05B","2.48%"
"07/31/2016","2,976.70","2,971.95","2,991.68","2,931.96","67.98B","-0.09%"
"07/24/2016","2,979.34","3,008.09","3,057.42","2,939.23","92.17B","-1.11%"
"07/17/2016","3,012.82","3,047.64","3,058.32","3,007.46","79.69B","-1.36%"
"07/10/2016","3,054.30","2,993.75","3,069.05","2,984.42","109.05B","2.22%"
"07/03/2016","2,988.09","2,924.29","3,024.11","2,922.52","106.13B","1.90%"
"06/26/2016","2,932.48","2,840.56","2,944.99","2,840.28","81.95B","2.74%"
"06/19/2016","2,854.29","2,887.64","2,919.30","2,807.60","75.85B","-1.07%"
"06/12/2016","2,885.11","2,897.27","2,911.16","2,811.78","80.10B","-1.44%"
"06/05/2016","2,927.16","2,940.99","2,945.94","2,908.37","41.80B","-0.39%"
"05/29/2016","2,938.68","2,814.65","2,945.52","2,794.66","84.17B","4.17%"
"05/22/2016","2,821.05","2,826.31","2,848.07","2,780.76","56.01B","-0.16%"
"05/15/2016","2,825.48","2,816.78","2,860.32","2,781.42","59.88B","-0.06%"
"05/08/2016","2,827.11","2,896.16","2,896.16","2,781.24","68.77B","-2.96%"
"05/01/2016","2,913.25","2,940.39","3,004.42","2,913.04","68.57B","-0.85%"
"04/24/2016","2,938.32","2,949.97","2,976.02","2,916.37","62.24B","-0.71%"
"04/17/2016","2,959.24","3,058.46","3,058.46","2,905.05","94.96B","-3.86%"
"04/10/2016","3,078.12","3,006.91","3,097.16","3,001.32","111.06B","3.12%"
"04/03/2016","2,984.96","3,000.94","3,062.36","2,960.46","89.78B","-0.82%"
"03/27/2016","3,009.53","2,988.01","3,023.41","2,905.25","102.23B","1.01%"
"03/20/2016","2,979.43","2,978.46","3,028.32","2,952.11","125.18B","0.82%"
"03/13/2016","2,955.15","2,830.08","2,971.55","2,819.79","105.83B","5.15%"
"03/06/2016","2,810.31","2,886.64","2,911.84","2,772.55","90.05B","-2.22%"
"02/28/2016","2,874.15","2,754.81","2,880.37","2,638.96","126.56B","3.86%"
"02/21/2016","2,767.21","2,888.60","2,933.96","2,715.87","110.67B","-3.25%"
"02/14/2016","2,860.02","2,684.96","2,893.21","2,682.09","92.47B","3.49%"
"01/31/2016","2,763.49","2,730.98","2,793.30","2,655.62","77.44B","0.95%"
"01/24/2016","2,737.60","2,934.08","2,955.78","2,638.30","93.74B","-6.14%"
"01/17/2016","2,916.56","2,847.54","3,016.28","2,844.70","93.80B","0.54%"
"01/10/2016","2,900.97","3,131.85","3,166.22","2,867.55","108.52B","-8.96%"
"01/03/2016","3,186.41","3,536.59","3,538.69","3,056.88","104.72B","-9.97%"
"12/27/2015","3,539.18","3,635.77","3,641.59","3,515.52","81.74B","-2.45%"
"12/20/2015","3,627.91","3,568.58","3,684.57","3,565.75","128.55B","1.37%"
"12/13/2015","3,578.96","3,403.51","3,614.70","3,399.28","116.69B","4.20%"
"12/06/2015","3,434.58","3,529.81","3,543.95","3,410.92","101.17B","-2.56%"
"11/29/2015","3,524.99","3,433.86","3,591.73","3,327.81","139.09B","2.58%"
"11/22/2015","3,436.30","3,630.87","3,668.38","3,412.43","149.89B","-5.35%"
"11/15/2015","3,630.50","3,522.46","3,678.27","3,519.42","151.61B","1.39%"
"11/08/2015","3,580.84","3,588.50","3,673.76","3,564.81","200.13B","-0.26%"
"11/01/2015","3,590.03","3,337.58","3,596.38","3,302.18","174.53B","6.13%"
"10/25/2015","3,382.56","3,448.65","3,457.52","3,332.62","146.65B","-0.88%"
"10/18/2015","3,412.43","3,401.63","3,447.26","3,265.44","182.67B","0.62%"
"10/11/2015","3,391.35","3,193.54","3,393.02","3,188.41","169.03B","6.54%"
"10/04/2015","3,183.15","3,156.07","3,192.72","3,133.13","46.91B","4.27%"
"09/27/2015","3,052.78","3,085.57","3,103.07","3,021.16","46.66B","-1.28%"
"09/20/2015","3,092.35","3,072.09","3,213.48","3,060.86","120.02B","-0.18%"
"09/13/2015","3,097.92","3,221.17","3,229.48","2,983.54","140.01B","-3.20%"
"09/06/2015","3,200.23","3,149.38","3,256.74","3,011.12","142.50B","1.27%"
"08/30/2015","3,160.17","3,203.56","3,207.86","3,019.09","126.80B","-2.23%"
"08/23/2015","3,232.35","3,373.48","3,388.36","2,850.71","199.71B","-7.85%"
"08/16/2015","3,507.74","3,947.84","4,006.34","3,490.54","223.96B","-11.54%"
"08/09/2015","3,965.33","3,786.03","4,000.68","3,775.85","237.70B","5.91%"
"08/02/2015","3,744.20","3,614.99","3,782.35","3,549.50","170.81B","2.20%"
"07/26/2015","3,663.73","3,985.57","4,051.16","3,537.36","236.26B","-10.00%"
"07/19/2015","4,070.91","3,948.42","4,184.45","3,912.80","275.51B","2.87%"
"07/12/2015","3,957.35","3,918.99","4,035.43","3,688.44","288.93B","2.05%"
"07/05/2015","3,877.80","3,975.21","3,975.21","3,373.54","345.36B","5.18%"
"06/28/2015","3,686.92","4,289.77","4,317.05","3,629.56","311.59B","-12.07%"
"06/21/2015","4,192.87","4,471.61","4,720.70","4,139.53","215.45B","-6.37%"
"06/14/2015","4,478.36","5,174.42","5,176.79","4,476.50","268.58B","-13.32%"
"06/07/2015","5,166.35","5,045.69","5,178.19","4,997.48","337.15B","2.85%"
"05/31/2015","5,023.10","4,633.10","5,051.63","4,615.23","327.58B","8.92%"
"05/24/2015","4,611.74","4,660.07","4,986.50","4,431.56","346.27B","-0.98%"
"05/17/2015","4,657.60","4,277.89","4,658.27","4,260.51","245.15B","8.10%"
"05/10/2015","4,308.69","4,231.27","4,415.63","4,187.82","240.99B","2.44%"
"05/03/2015","4,205.92","4,441.34","4,488.87","4,099.04","234.08B","-5.31%"
"04/26/2015","4,441.66","4,441.93","4,572.39","4,398.64","248.53B","1.09%"
"04/19/2015","4,393.69","4,301.35","4,444.41","4,188.57","346.78B","2.48%"
"04/12/2015","4,287.30","4,072.72","4,317.22","4,031.24","306.65B","6.27%"
"04/05/2015","4,034.31","3,899.42","4,040.35","3,891.73","225.80B","4.41%"
"03/29/2015","3,863.93","3,710.61","3,864.40","3,710.61","252.62B","4.68%"
"03/22/2015","3,691.10","3,640.10","3,715.87","3,600.70","259.51B","2.04%"
"03/15/2015","3,617.32","3,391.16","3,632.34","3,377.09","251.93B","7.25%"
"03/08/2015","3,372.91","3,224.31","3,391.26","3,198.37","157.60B","4.06%"
"03/01/2015","3,241.19","3,332.72","3,336.76","3,221.67","162.57B","-2.09%"
"02/22/2015","3,310.30","3,256.48","3,324.55","3,202.19","83.38B","1.95%"
"02/15/2015","3,246.91","3,206.14","3,255.73","3,195.88","45.21B","1.34%"
"02/08/2015","3,203.83","3,063.51","3,237.16","3,049.11","102.86B","4.16%"
"02/01/2015","3,075.91","3,148.14","3,251.21","3,052.94","130.10B","-4.19%"
"01/25/2015","3,210.36","3,347.26","3,390.22","3,210.31","152.70B","-4.22%"
"01/18/2015","3,351.76","3,189.73","3,406.79","3,095.07","188.88B","-0.73%"
"01/11/2015","3,376.49","3,258.21","3,400.32","3,191.58","141.54B","2.77%"
"01/04/2015","3,285.41","3,258.63","3,404.83","3,253.88","220.63B","1.57%"
"12/28/2014","3,234.68","3,212.56","3,239.36","3,126.94","131.38B","2.44%"
"12/21/2014","3,157.60","3,129.27","3,189.87","2,934.91","233.16B","1.58%"
"12/14/2014","3,108.60","2,921.45","3,117.53","2,890.90","235.37B","5.80%"
"12/07/2014","2,938.17","2,907.82","3,091.32","2,807.68","276.46B","0.02%"
"11/30/2014","2,937.65","2,691.72","2,978.03","2,665.69","261.98B","9.50%"
"11/23/2014","2,682.83","2,505.53","2,683.18","2,495.52","184.49B","7.88%"
"11/16/2014","2,486.79","2,506.86","2,508.77","2,437.48","98.07B","0.32%"
"11/09/2014","2,478.82","2,436.63","2,508.62","2,428.19","148.11B","2.51%"
"11/02/2014","2,418.17","2,425.22","2,454.42","2,401.75","138.46B","-0.08%"
"10/26/2014","2,420.18","2,293.57","2,423.60","2,279.84","119.49B","5.12%"
"10/19/2014","2,302.28","2,346.05","2,361.65","2,296.66","77.64B","-1.66%"
"10/12/2014","2,341.18","2,366.43","2,389.67","2,312.83","106.10B","-1.40%"
"10/05/2014","2,374.54","2,368.58","2,391.35","2,354.29","66.50B","0.45%"
"09/28/2014","2,363.87","2,353.71","2,365.49","2,346.58","39.40B","0.69%"
"09/21/2014","2,347.72","2,323.55","2,365.15","2,284.38","95.57B","0.78%"
"09/14/2014","2,329.45","2,330.19","2,347.93","2,282.79","109.24B","-0.11%"
"09/07/2014","2,331.95","2,328.43","2,343.59","2,302.77","80.25B","0.24%"
"08/31/2014","2,326.43","2,220.13","2,327.56","2,217.68","94.64B","4.93%"
"08/24/2014","2,217.20","2,241.10","2,241.55","2,193.26","67.59B","-1.05%"
"08/17/2014","2,240.81","2,229.80","2,248.94","2,211.63","83.52B","0.63%"
"08/10/2014","2,226.73","2,199.43","2,230.99","2,198.31","80.36B","1.47%"
"08/03/2014","2,194.42","2,190.04","2,226.84","2,180.60","83.76B","0.42%"
"07/27/2014","2,185.30","2,135.25","2,218.79","2,135.25","97.75B","2.76%"
"07/20/2014","2,126.61","2,057.77","2,127.22","2,049.18","66.25B","3.28%"
"07/13/2014","2,059.07","2,047.74","2,075.49","2,044.90","58.79B","0.59%"
"07/06/2014","2,046.96","2,058.13","2,064.43","2,033.00","50.86B","-0.60%"
"06/29/2014","2,059.37","2,038.61","2,066.64","2,038.53","53.26B","1.12%"
"06/22/2014","2,036.51","2,026.23","2,043.98","2,018.36","38.78B","0.49%"
"06/15/2014","2,026.67","2,070.70","2,087.32","2,010.53","43.11B","-2.13%"
"06/08/2014","2,070.71","2,024.94","2,073.60","2,023.20","39.77B","2.01%"
"06/01/2014","2,029.96","2,039.20","2,049.58","2,012.91","27.80B","-0.45%"
"05/25/2014","2,039.21","2,042.03","2,057.08","2,029.34","37.56B","0.23%"
"05/18/2014","2,034.57","2,023.01","2,041.96","1,991.06","32.67B","0.40%"
"05/11/2014","2,026.50","2,022.93","2,061.06","2,012.69","42.72B","0.76%"
"05/04/2014","2,011.13","2,022.18","2,038.70","2,001.30","38.30B","-0.75%"
"04/27/2014","2,026.36","2,033.34","2,035.99","1,997.64","24.05B","-0.50%"
"04/20/2014","2,036.52","2,085.98","2,103.08","2,035.57","44.49B","-2.92%"
"04/13/2014","2,097.75","2,127.41","2,134.43","2,081.18","47.70B","-1.54%"
"04/06/2014","2,130.54","2,054.53","2,146.67","2,052.90","52.73B","3.48%"
"03/30/2014","2,058.83","2,043.05","2,066.01","2,024.19","47.21B","0.84%"
"03/23/2014","2,041.71","2,050.83","2,079.55","2,035.24","62.30B","-0.29%"
"03/16/2014","2,047.62","2,009.88","2,052.47","1,986.07","53.30B","2.16%"
"03/09/2014","2,004.34","2,042.35","2,042.63","1,974.38","49.85B","-2.60%"
"03/02/2014","2,057.91","2,052.08","2,079.49","2,030.95","56.41B","0.08%"
"02/23/2014","2,056.30","2,099.72","2,099.72","2,014.38","61.76B","-2.72%"
"02/16/2014","2,113.69","2,124.88","2,177.98","2,098.33","70.91B","-0.10%"
"02/09/2014","2,115.85","2,049.98","2,122.83","2,049.98","65.09B","3.49%"
"02/02/2014","2,044.50","2,022.32","2,044.73","2,014.70","7.36B","0.56%"
"01/26/2014","2,033.08","2,044.27","2,051.58","2,026.99","29.78B","-1.04%"
"01/19/2014","2,054.39","2,001.89","2,060.99","1,984.82","39.22B","2.47%"
"01/12/2014","2,004.95","2,014.98","2,034.71","2,000.40","34.44B","-0.41%"
"01/05/2014","2,013.30","2,078.68","2,078.68","2,008.01","37.62B","-3.35%"
"12/29/2013","2,083.14","2,108.88","2,120.27","2,075.90","30.75B","-0.86%"
"12/22/2013","2,101.25","2,089.54","2,111.81","2,068.54","35.88B","0.79%"
"12/15/2013","2,084.79","2,197.23","2,201.70","2,082.85","40.40B","-5.07%"
"12/08/2013","2,196.07","2,241.79","2,250.50","2,183.84","48.30B","-1.83%"
"12/01/2013","2,237.11","2,203.12","2,260.87","2,172.63","67.08B","0.75%"
"11/24/2013","2,220.50","2,186.06","2,234.39","2,176.18","56.55B","1.10%"
"11/17/2013","2,196.38","2,147.37","2,211.07","2,143.77","65.27B","2.83%"
"11/10/2013","2,135.83","2,103.30","2,153.21","2,078.99","44.71B","1.41%"
"11/03/2013","2,106.13","2,156.09","2,166.17","2,103.51","43.35B","-2.02%"
"10/27/2013","2,149.56","2,135.88","2,163.66","2,093.20","54.83B","0.78%"
"10/20/2013","2,132.96","2,198.11","2,230.28","2,122.68","64.91B","-2.77%"
"10/13/2013","2,193.78","2,232.22","2,242.98","2,183.25","70.48B","-1.54%"
"10/06/2013","2,228.15","2,171.90","2,228.87","2,161.49","56.43B","2.46%"
"09/29/2013","2,174.66","2,167.73","2,176.30","2,165.16","9.28B","0.68%"
"09/22/2013","2,160.03","2,199.36","2,223.07","2,149.59","69.96B","-1.45%"
"09/15/2013","2,191.85","2,244.46","2,248.47","2,172.04","42.45B","-1.98%"
"09/08/2013","2,236.22","2,151.35","2,270.27","2,151.35","108.27B","4.50%"
"09/01/2013","2,139.99","2,104.09","2,143.24","2,078.46","69.99B","1.98%"
"08/25/2013","2,098.38","2,061.42","2,114.39","2,056.13","71.10B","1.99%"
"08/18/2013","2,057.46","2,055.13","2,098.98","2,029.36","49.56B","-0.53%"
"08/11/2013","2,068.45","2,058.42","2,198.85","2,055.72","61.97B","0.79%"
"08/04/2013","2,052.23","2,031.72","2,069.56","2,025.23","47.83B","1.12%"
"07/28/2013","2,029.42","1,997.84","2,047.08","1,965.36","41.09B","0.92%"
"07/21/2013","2,010.85","1,977.73","2,051.53","1,970.64","47.14B","0.91%"
"07/14/2013","1,992.65","2,046.12","2,076.66","1,990.25","49.82B","-2.30%"
"07/07/2013","2,039.49","1,983.21","2,092.87","1,946.37","51.96B","1.61%"
"06/30/2013","2,007.20","1,965.99","2,022.14","1,957.57","44.97B","1.41%"
"06/23/2013","1,979.21","2,068.86","2,068.86","1,849.65","55.51B","-4.53%"
"06/16/2013","2,073.10","2,165.99","2,169.36","2,042.88","37.83B","-4.11%"
"06/09/2013","2,162.04","2,190.10","2,190.10","2,126.22","17.22B","-2.21%"
"06/02/2013","2,210.90","2,300.21","2,313.43","2,205.07","44.68B","-3.90%"
"05/26/2013","2,300.59","2,286.66","2,334.33","2,281.47","58.53B","0.53%"
"05/19/2013","2,288.53","2,286.33","2,314.18","2,270.25","61.71B","0.25%"
"05/12/2013","2,282.87","2,247.68","2,288.09","2,205.87","47.76B","1.60%"
"05/05/2013","2,246.83","2,212.49","2,255.21","2,212.49","45.80B","1.87%"
"04/28/2013","2,205.50","2,170.78","2,222.81","2,161.14","15.69B","1.27%"
"04/21/2013","2,177.91","2,236.40","2,245.12","2,173.86","45.68B","-2.97%"
"04/14/2013","2,244.64","2,199.91","2,250.11","2,165.78","40.12B","1.72%"
"04/07/2013","2,206.78","2,196.24","2,242.48","2,180.67","39.03B","-0.83%"
"03/31/2013","2,225.30","2,229.46","2,253.42","2,217.25","24.89B","-0.51%"
"03/24/2013","2,236.62","2,334.73","2,344.89","2,228.81","51.10B","-3.94%"
"03/17/2013","2,328.28","2,267.29","2,332.00","2,232.02","53.23B","2.19%"
"03/10/2013","2,278.40","2,314.68","2,333.29","2,250.01","48.95B","-1.73%"
"03/03/2013","2,318.61","2,332.08","2,352.02","2,259.25","67.28B","-1.73%"
"02/24/2013","2,359.51","2,320.62","2,369.65","2,289.89","55.11B","1.96%"
"02/17/2013","2,314.16","2,441.91","2,444.80","2,308.76","59.10B","-4.86%"
"02/03/2013","2,432.40","2,425.92","2,443.03","2,394.22","66.40B","0.55%"
"01/27/2013","2,419.02","2,295.35","2,421.15","2,295.35","70.06B","5.57%"
"01/20/2013","2,291.30","2,321.49","2,362.94","2,287.30","65.60B","-1.11%"
"01/13/2013","2,317.07","2,236.29","2,332.78","2,235.11","70.84B","3.30%"
"01/06/2013","2,243.00","2,271.66","2,295.48","2,234.95","60.82B","-1.49%"
"12/30/2012","2,276.99","2,236.46","2,296.11","2,236.46","26.75B","1.96%"
"12/23/2012","2,233.25","2,150.65","2,234.87","2,146.86","58.86B","3.71%"
"12/16/2012","2,153.31","2,152.10","2,190.40","2,142.95","56.75B","0.12%"
"12/09/2012","2,150.63","2,067.32","2,152.50","2,059.47","52.05B","4.31%"
"12/02/2012","2,061.79","1,977.25","2,065.74","1,949.46","44.06B","4.12%"
"11/25/2012","1,980.12","2,023.34","2,027.27","1,959.33","25.83B","-2.33%"
"11/18/2012","2,027.38","2,013.25","2,034.88","1,995.17","23.83B","0.63%"
"11/11/2012","2,014.72","2,069.21","2,079.57","2,001.72","26.60B","-2.63%"
"11/04/2012","2,069.07","2,113.33","2,123.33","2,062.42","32.31B","-2.27%"
"10/28/2012","2,117.05","2,061.85","2,119.22","2,053.09","33.32B","2.46%"
"10/21/2012","2,066.21","2,118.52","2,138.03","2,058.06","36.97B","-2.92%"
"10/14/2012","2,128.30","2,105.02","2,137.69","2,085.11","32.65B","1.11%"
"10/07/2012","2,104.93","2,084.85","2,127.31","2,063.09","36.14B","0.90%"
"09/23/2012","2,086.17","2,015.77","2,089.63","1,999.48","31.24B","2.93%"
"09/16/2012","2,026.69","2,120.62","2,121.58","2,018.26","31.02B","-4.57%"
"09/09/2012","2,123.85","2,128.07","2,140.17","2,107.22","43.84B","-0.18%"
"09/02/2012","2,127.76","2,044.82","2,145.00","2,029.05","37.18B","3.92%"
"08/26/2012","2,047.52","2,085.37","2,085.37","2,032.54","27.51B","-2.13%"
"08/19/2012","2,092.10","2,102.23","2,124.19","2,089.02","28.46B","-1.08%"
"08/12/2012","2,114.89","2,164.04","2,164.04","2,100.79","28.31B","-2.49%"
"08/05/2012","2,168.81","2,129.15","2,176.80","2,127.26","36.07B","1.69%"
"07/29/2012","2,132.80","2,128.16","2,137.74","2,100.25","26.61B","0.19%"
"07/22/2012","2,128.76","2,154.17","2,158.95","2,120.63","26.36B","-1.84%"
"07/15/2012","2,168.64","2,187.89","2,197.79","2,138.79","33.29B","-0.79%"
"07/08/2012","2,185.89","2,210.71","2,216.70","2,152.67","33.24B","-1.70%"
"07/01/2012","2,223.58","2,234.32","2,244.83","2,185.52","31.47B","-0.08%"
"06/24/2012","2,225.43","2,253.51","2,253.51","2,188.72","27.94B","-1.57%"
"06/17/2012","2,260.88","2,313.53","2,325.05","2,253.79","23.38B","-1.99%"
"06/10/2012","2,306.85","2,282.89","2,319.71","2,278.16","34.29B","1.11%"
"06/03/2012","2,281.45","2,346.98","2,348.20","2,276.71","34.29B","-3.88%"
"05/27/2012","2,373.44","2,325.32","2,393.28","2,309.07","45.68B","1.71%"
"05/20/2012","2,333.55","2,343.58","2,378.08","2,327.41","38.91B","-0.47%"
"05/13/2012","2,344.52","2,408.26","2,411.27","2,338.24","42.17B","-2.11%"
"05/06/2012","2,394.98","2,441.76","2,451.95","2,393.38","46.81B","-2.33%"
"04/29/2012","2,452.01","2,421.08","2,453.73","2,407.79","33.25B","2.32%"
"04/22/2012","2,396.32","2,403.52","2,415.75","2,350.40","59.44B","-0.44%"
"04/15/2012","2,406.86","2,346.31","2,407.29","2,333.34","48.84B","2.02%"
"04/08/2012","2,359.16","2,300.05","2,369.70","2,258.85","39.87B","2.28%"
"04/01/2012","2,306.55","2,258.03","2,309.64","2,251.39","15.22B","1.93%"
"03/25/2012","2,262.79","2,349.09","2,363.77","2,242.34","33.62B","-3.69%"
"03/18/2012","2,349.54","2,401.22","2,412.34","2,342.12","45.20B","-2.30%"
"03/11/2012","2,404.74","2,438.55","2,476.22","2,366.02","61.44B","-1.42%"
"03/04/2012","2,439.46","2,464.85","2,469.84","2,388.52","50.86B","-0.86%"
"02/26/2012","2,460.69","2,447.41","2,478.38","2,418.33","55.03B","0.86%"
"02/19/2012","2,439.63","2,383.69","2,439.98","2,345.05","53.44B","3.50%"
"02/12/2012","2,357.18","2,332.05","2,374.28","2,325.03","42.52B","0.22%"
"02/05/2012","2,351.98","2,334.25","2,368.98","2,278.82","42.47B","0.93%"
"01/29/2012","2,330.40","2,324.49","2,336.27","2,263.34","30.31B","0.49%"
"01/15/2012","2,319.12","2,230.43","2,322.89","2,196.12","36.60B","3.32%"
"01/08/2012","2,244.58","2,164.74","2,295.22","2,148.45","41.38B","3.75%"
"01/01/2012","2,163.39","2,212.00","2,217.52","2,132.63","15.86B","-1.64%"
"12/25/2011","2,199.42","2,193.66","2,213.45","2,134.02","23.57B","-0.24%"
"12/18/2011","2,204.78","2,208.07","2,239.86","2,149.42","27.29B","-0.90%"
"12/11/2011","2,224.84","2,312.15","2,315.81","2,170.75","25.63B","-3.91%"
"12/04/2011","2,315.27","2,363.11","2,363.13","2,302.64","23.12B","-1.92%"
"11/27/2011","2,360.66","2,383.89","2,423.56","2,319.44","33.63B","-0.82%"
"11/20/2011","2,380.22","2,416.73","2,419.24","2,370.69","24.97B","-1.50%"
"11/13/2011","2,416.56","2,498.67","2,534.06","2,411.04","39.24B","-2.60%"
"11/06/2011","2,481.08","2,518.90","2,536.18","2,472.76","38.90B","-1.87%"
"10/30/2011","2,528.29","2,470.25","2,536.78","2,433.72","51.70B","2.22%"
"10/23/2011","2,473.41","2,322.02","2,483.76","2,307.15","46.17B","6.74%"
"10/16/2011","2,317.28","2,434.49","2,452.99","2,313.78","31.02B","-4.69%"
"10/09/2011","2,431.37","2,363.08","2,439.64","2,318.63","34.58B","3.06%"
"09/25/2011","2,359.22","2,416.23","2,441.73","2,348.22","27.64B","-3.04%"
"09/18/2011","2,433.16","2,469.60","2,517.67","2,400.14","32.37B","-1.98%"
"09/11/2011","2,482.34","2,467.73","2,499.48","2,439.37","20.80B","-0.62%"
"09/04/2011","2,497.75","2,510.10","2,528.42","2,459.54","27.04B","-1.21%"
"08/28/2011","2,528.28","2,595.47","2,615.14","2,517.62","32.05B","-3.21%"
"08/21/2011","2,612.19","2,534.57","2,616.64","2,507.78","37.00B","3.07%"
"08/14/2011","2,534.36","2,598.14","2,636.36","2,513.75","38.56B","-2.27%"
"08/07/2011","2,593.17","2,599.29","2,614.19","2,437.68","50.72B","-1.27%"
"07/31/2011","2,626.42","2,697.57","2,712.89","2,605.14","33.04B","-2.79%"
"07/24/2011","2,701.73","2,759.63","2,759.63","2,677.12","41.85B","-2.49%"
"07/17/2011","2,770.79","2,821.36","2,826.96","2,763.42","43.69B","-1.75%"
"07/10/2011","2,820.17","2,789.45","2,821.34","2,752.19","48.66B","0.80%"
"07/03/2011","2,797.77","2,770.94","2,825.12","2,770.94","53.79B","1.39%"
"06/26/2011","2,759.36","2,746.79","2,778.67","2,727.25","46.11B","0.48%"
"06/19/2011","2,746.21","2,635.83","2,759.71","2,610.99","38.27B","3.91%"
"06/12/2011","2,642.82","2,687.65","2,735.55","2,641.39","35.64B","-2.30%"
"06/05/2011","2,705.14","2,720.97","2,754.12","2,672.32","29.62B","-0.84%"
"05/29/2011","2,728.02","2,704.48","2,744.93","2,676.54","35.56B","0.67%"
"05/22/2011","2,709.95","2,853.29","2,853.29","2,708.55","40.91B","-5.20%"
"05/15/2011","2,858.46","2,864.38","2,884.14","2,821.20","40.40B","-0.44%"
"05/08/2011","2,871.03","2,868.24","2,897.14","2,832.25","44.88B","0.25%"
"05/01/2011","2,863.89","2,911.51","2,933.46","2,834.46","39.00B","-1.64%"
"04/24/2011","2,911.51","3,003.03","3,003.61","2,871.01","51.07B","-3.29%"
"04/17/2011","3,010.52","3,040.53","3,067.46","2,992.67","63.92B","-1.31%"
"04/10/2011","3,050.53","3,037.91","3,062.53","2,994.47","67.94B","0.68%"
"04/03/2011","3,030.02","2,964.21","3,031.10","2,963.90","38.07B","2.11%"
"03/27/2011","2,967.41","2,985.36","3,005.78","2,914.38","65.98B","-0.35%"
"03/20/2011","2,977.81","2,913.91","2,985.08","2,884.75","54.98B","2.44%"
"03/13/2011","2,906.89","2,923.98","2,939.65","2,850.94","64.11B","-0.92%"
"03/06/2011","2,933.80","2,952.72","3,012.04","2,927.68","65.14B","-0.29%"
"02/27/2011","2,942.31","2,880.17","2,944.46","2,861.82","65.75B","2.21%"
"02/20/2011","2,878.57","2,886.54","2,944.41","2,839.20","59.28B","-0.73%"
"02/13/2011","2,899.79","2,828.57","2,939.28","2,828.57","67.87B","2.56%"
"02/06/2011","2,827.33","2,778.70","2,835.41","2,760.18","29.29B","1.01%"
"01/30/2011","2,798.96","2,751.53","2,805.05","2,748.54","16.49B","1.68%"
"01/23/2011","2,752.75","2,716.52","2,759.44","2,661.45","40.92B","1.38%"
"01/16/2011","2,715.29","2,772.45","2,780.94","2,667.29","41.31B","-2.72%"
"01/09/2011","2,791.34","2,832.62","2,847.36","2,770.34","40.22B","-1.67%"
"01/02/2011","2,838.80","2,825.33","2,868.01","2,807.87","41.23B","1.09%"
"12/26/2010","2,808.08","2,842.81","2,876.81","2,721.48","40.26B","-0.96%"
"12/19/2010","2,835.16","2,901.47","2,917.20","2,804.56","48.91B","-2.02%"
"12/12/2010","2,893.74","2,850.33","2,939.05","2,847.66","52.06B","1.85%"
"12/05/2010","2,841.04","2,850.38","2,884.53","2,792.52","43.84B","-0.05%"
"11/28/2010","2,842.43","2,861.15","2,881.16","2,758.92","51.08B","-1.02%"
"11/21/2010","2,871.70","2,861.61","2,904.97","2,791.58","60.21B","-0.58%"
"11/14/2010","2,888.57","2,984.87","3,016.13","2,806.64","67.40B","-3.24%"
"11/07/2010","2,985.43","3,140.40","3,186.72","2,975.16","102.63B","-4.60%"
"10/31/2010","3,129.50","2,986.89","3,142.59","2,986.89","98.99B","5.06%"
"10/24/2010","2,978.83","2,979.71","3,073.38","2,955.48","85.78B","0.13%"
"10/17/2010","2,975.04","2,985.46","3,041.15","2,931.91","95.03B","0.13%"
"10/10/2010","2,971.16","2,755.03","2,971.16","2,755.03","102.63B","8.49%"
"10/03/2010","2,738.74","2,681.25","2,747.80","2,677.99","13.58B","3.13%"
"09/26/2010","2,655.66","2,600.54","2,656.00","2,597.14","34.82B","2.47%"
"09/19/2010","2,591.55","2,601.48","2,607.35","2,573.63","13.76B","-0.27%"
"09/12/2010","2,598.69","2,665.66","2,703.78","2,583.34","56.28B","-2.42%"
"09/05/2010","2,663.21","2,667.20","2,704.93","2,628.83","61.60B","0.29%"
"08/29/2010","2,655.39","2,622.27","2,662.88","2,604.49","60.21B","1.71%"
"08/22/2010","2,610.74","2,637.82","2,667.17","2,588.64","45.59B","-1.19%"
"08/15/2010","2,642.31","2,603.79","2,701.93","2,596.77","62.94B","1.37%"
"08/08/2010","2,606.70","2,656.36","2,676.09","2,564.84","51.54B","-1.94%"
"08/01/2010","2,658.39","2,635.81","2,681.78","2,589.99","58.75B","0.79%"
"07/25/2010","2,637.50","2,576.37","2,656.41","2,556.47","54.28B","2.55%"
"07/18/2010","2,572.03","2,399.58","2,579.52","2,392.27","54.20B","6.10%"
"07/11/2010","2,424.27","2,468.54","2,501.02","2,389.07","39.85B","-1.89%"
"07/04/2010","2,470.92","2,358.76","2,485.60","2,335.57","30.58B","3.69%"
"06/27/2010","2,382.90","2,550.65","2,561.49","2,319.74","29.05B","-6.66%"
"06/20/2010","2,552.82","2,517.29","2,598.35","2,504.32","29.99B","1.58%"
"06/13/2010","2,513.22","2,588.97","2,595.51","2,505.33","12.22B","-2.21%"
"06/06/2010","2,569.94","2,508.33","2,590.98","2,491.65","36.59B","0.64%"
"05/30/2010","2,553.59","2,647.87","2,665.39","2,521.06","34.43B","-3.85%"
"05/23/2010","2,655.77","2,596.32","2,686.54","2,583.55","44.93B","2.80%"
"05/16/2010","2,583.52","2,663.88","2,663.88","2,481.97","38.71B","-4.19%"
"05/09/2010","2,696.63","2,690.86","2,751.07","2,604.20","40.87B","0.31%"
"05/02/2010","2,688.38","2,821.35","2,862.55","2,665.81","34.61B","-6.35%"
"04/25/2010","2,870.61","2,988.08","2,996.83","2,820.95","45.92B","-3.79%"
"04/18/2010","2,983.54","3,096.78","3,096.78","2,941.35","57.26B","-4.69%"
"04/11/2010","3,130.30","3,151.89","3,181.66","3,101.48","57.56B","-0.48%"
"04/04/2010","3,145.35","3,170.61","3,177.97","3,110.26","44.04B","-0.40%"
"03/28/2010","3,157.96","3,076.05","3,159.60","3,071.69","58.50B","3.21%"
"03/21/2010","3,059.72","3,069.66","3,083.34","3,009.91","46.19B","-0.26%"
"03/14/2010","3,067.75","3,010.72","3,069.66","2,963.44","39.03B","1.80%"
"03/07/2010","3,013.41","3,036.41","3,085.99","3,011.97","40.93B","-0.58%"
"02/28/2010","3,031.07","3,057.01","3,102.40","3,011.09","55.22B","-0.68%"
"02/21/2010","3,051.94","3,016.70","3,067.53","2,938.75","46.28B","1.12%"
"02/07/2010","3,018.13","2,936.45","3,018.86","2,922.19","29.39B","2.68%"
"01/31/2010","2,939.40","2,981.37","3,015.13","2,890.02","46.88B","-1.67%"
"01/24/2010","2,989.29","3,103.32","3,137.00","2,963.89","40.23B","-4.45%"
"01/17/2010","3,128.59","3,213.64","3,268.81","3,062.63","67.53B","-2.96%"
"01/10/2010","3,224.15","3,301.61","3,306.75","3,165.49","69.18B","0.88%"
"01/03/2010","3,196.00","3,289.75","3,295.87","3,149.02","58.62B","-2.48%"
"12/27/2009","3,277.14","3,148.86","3,282.21","3,148.86","43.98B","4.32%"
"12/20/2009","3,141.35","3,108.07","3,156.53","3,039.86","42.67B","0.88%"
"12/13/2009","3,113.89","3,246.95","3,315.03","3,108.03","53.11B","-4.11%"
"12/06/2009","3,247.32","3,313.06","3,334.01","3,225.56","57.79B","-2.10%"
"11/29/2009","3,317.04","3,114.29","3,319.13","3,114.29","85.44B","7.13%"
"11/22/2009","3,096.26","3,312.97","3,361.39","3,080.89","97.56B","-6.41%"
"11/15/2009","3,308.35","3,206.43","3,332.53","3,206.43","87.58B","3.79%"
"11/08/2009","3,187.65","3,162.15","3,211.11","3,127.50","69.76B","0.75%"
"11/01/2009","3,164.04","2,933.82","3,183.57","2,923.53","74.22B","5.61%"
"10/25/2009","2,995.85","3,114.29","3,123.36","2,952.01","55.18B","-3.60%"
"10/18/2009","3,107.85","2,974.64","3,123.46","2,962.31","64.14B","4.41%"
"10/11/2009","2,976.63","2,927.02","3,014.26","2,886.96","48.87B","2.23%"
"10/04/2009","2,911.72","2,840.13","2,912.55","2,834.62","8.55B","4.76%"
"09/27/2009","2,779.43","2,844.37","2,857.95","2,712.30","21.03B","-2.09%"
"09/20/2009","2,838.84","2,937.93","2,982.89","2,783.11","54.56B","-4.18%"
"09/13/2009","2,962.67","2,990.93","3,068.03","2,940.83","76.44B","-0.91%"
"09/06/2009","2,989.79","2,877.62","2,999.33","2,831.85","61.90B","4.48%"
"08/30/2009","2,861.61","2,817.63","2,875.98","2,639.76","55.90B","0.03%"
"08/23/2009","2,860.69","2,982.19","3,004.90","2,823.64","65.83B","-3.38%"
"08/16/2009","2,960.77","2,994.87","3,020.26","2,761.39","58.26B","-2.83%"
"08/09/2009","3,046.97","3,287.76","3,307.89","3,039.30","60.76B","-6.55%"
"08/02/2009","3,260.69","3,429.69","3,478.01","3,244.10","94.28B","-4.44%"
"07/26/2009","3,412.06","3,377.72","3,454.02","3,174.21","106.94B","1.17%"
"07/19/2009","3,372.60","3,203.89","3,398.05","3,192.90","92.08B","5.73%"
"07/12/2009","3,189.74","3,098.96","3,221.07","3,076.30","87.01B","2.43%"
"07/05/2009","3,113.93","3,091.48","3,140.04","3,011.21","84.60B","0.83%"
"06/28/2009","3,088.37","2,930.31","3,088.86","2,918.39","71.40B","5.47%"
"06/21/2009","2,928.21","2,900.57","2,946.90","2,841.90","66.12B","1.66%"
"06/14/2009","2,880.49","2,743.03","2,886.50","2,727.74","61.23B","4.98%"
"06/07/2009","2,743.76","2,753.34","2,828.74","2,721.85","67.29B","-0.37%"
"05/31/2009","2,753.89","2,668.40","2,791.65","2,668.40","77.75B","4.59%"
"05/24/2009","2,632.93","2,555.34","2,635.31","2,538.62","32.97B","1.36%"
"05/17/2009","2,597.60","2,632.57","2,688.11","2,578.59","64.28B","-1.80%"
"05/10/2009","2,645.26","2,646.29","2,670.21","2,558.96","68.27B","0.75%"
"05/03/2009","2,625.64","2,486.68","2,634.06","2,486.22","81.62B","5.98%"
"04/26/2009","2,477.57","2,443.44","2,491.07","2,372.34","46.55B","1.18%"
"04/19/2009","2,448.59","2,500.17","2,579.22","2,422.79","74.64B","-2.21%"
"04/12/2009","2,503.93","2,468.08","2,549.31","2,464.06","88.54B","2.44%"
"04/05/2009","2,444.23","2,422.10","2,449.54","2,331.88","54.17B","1.01%"
"03/29/2009","2,419.78","2,377.96","2,456.81","2,299.16","82.11B","1.91%"
"03/22/2009","2,374.44","2,286.25","2,392.77","2,274.89","81.27B","4.09%"
"03/15/2009","2,281.09","2,122.41","2,294.12","2,108.61","64.75B","7.15%"
"03/08/2009","2,128.85","2,205.75","2,232.67","2,086.02","48.27B","-2.93%"
"03/01/2009","2,193.01","2,066.23","2,241.76","2,037.02","64.64B","5.29%"
"02/22/2009","2,082.85","2,249.29","2,313.59","2,064.92","76.81B","-7.90%"
"02/15/2009","2,261.48","2,338.76","2,402.81","2,190.47","83.08B","-2.56%"
"02/08/2009","2,320.79","2,211.32","2,323.12","2,191.89","94.79B","6.40%"
"02/01/2009","2,181.24","2,008.13","2,185.09","1,987.13","69.72B","9.57%"
"01/18/2009","1,990.66","1,971.00","2,018.51","1,956.10","44.55B","1.85%"
"01/11/2009","1,954.44","1,897.70","1,984.73","1,861.81","49.44B","2.60%"
"01/04/2009","1,904.86","1,849.02","1,948.23","1,844.09","41.02B","4.62%"
"12/28/2008","1,820.81","1,846.30","1,862.94","1,814.75","16.19B","-1.66%"
"12/21/2008","1,851.52","2,016.45","2,016.45","1,832.36","37.81B","-8.27%"
"12/14/2008","2,018.46","1,977.03","2,038.66","1,907.83","45.15B","3.29%"
"12/07/2008","1,954.21","2,049.16","2,100.81","1,932.27","66.84B","-3.19%"
"11/30/2008","2,018.66","1,865.74","2,055.21","1,838.10","61.55B","7.88%"
"11/23/2008","1,871.16","1,961.21","2,022.48","1,856.29","41.93B","-4.99%"
"11/16/2008","1,969.39","1,981.26","2,050.88","1,883.84","68.03B","-0.86%"
"11/09/2008","1,986.44","1,782.31","1,987.26","1,782.31","49.95B","13.66%"
"11/02/2008","1,747.71","1,713.76","1,788.26","1,678.96","22.79B","1.09%"
"10/26/2008","1,728.79","1,809.22","1,809.22","1,664.92","25.64B","-6.02%"
"10/19/2008","1,839.62","1,924.18","1,996.66","1,825.53","24.11B","-4.71%"
"10/12/2008","1,930.65","1,978.56","2,146.73","1,901.50","25.48B","-3.50%"
"10/05/2008","2,000.57","2,267.39","2,267.39","1,963.18","26.77B","-12.78%"
"09/21/2008","2,293.78","2,241.72","2,333.28","2,116.96","48.41B","10.54%"
"09/14/2008","2,075.09","2,049.81","2,075.09","1,802.33","21.68B","-0.22%"
"09/07/2008","2,079.67","2,210.34","2,220.55","2,064.29","17.42B","-5.57%"
"08/31/2008","2,202.45","2,380.47","2,380.47","2,199.36","18.55B","-8.13%"
"08/24/2008","2,397.37","2,408.09","2,443.99","2,310.45","19.68B","-0.33%"
"08/17/2008","2,405.23","2,451.78","2,523.47","2,284.59","27.36B","-1.85%"
"08/10/2008","2,450.61","2,595.89","2,601.50","2,370.74","18.74B","-5.95%"
"08/03/2008","2,605.72","2,782.99","2,793.26","2,595.92","20.82B","-7.00%"
"07/27/2008","2,801.82","2,883.76","2,924.45","2,721.95","26.36B","-2.21%"
"07/20/2008","2,865.10","2,759.88","2,912.70","2,745.64","32.45B","3.12%"
"07/13/2008","2,778.37","2,837.49","2,896.33","2,656.61","29.41B","-2.74%"
"07/06/2008","2,856.63","2,673.55","2,952.04","2,673.55","41.04B","6.99%"
"06/29/2008","2,669.89","2,724.40","2,766.80","2,566.53","24.48B","-2.86%"
"06/22/2008","2,748.43","2,780.15","2,931.31","2,723.16","27.99B","-2.94%"
"06/15/2008","2,831.74","2,876.29","2,945.42","2,695.63","28.10B","-1.29%"
"06/08/2008","2,868.80","3,202.11","3,215.50","2,865.50","18.85B","-13.84%"
"06/01/2008","3,329.67","3,426.20","3,483.61","3,312.72","23.05B","-3.02%"
"05/25/2008","3,433.35","3,442.29","3,486.33","3,333.95","24.77B","-1.14%"
"05/18/2008","3,473.09","3,615.59","3,632.01","3,355.08","31.69B","-4.17%"
"05/11/2008","3,624.23","3,548.61","3,706.72","3,508.32","40.80B","0.30%"
"05/04/2008","3,613.49","3,739.80","3,786.02","3,523.03","45.22B","-2.16%"
"04/27/2008","3,693.11","3,497.38","3,705.09","3,453.28","25.05B","3.80%"
"04/20/2008","3,557.75","3,305.15","3,658.55","2,990.79","44.67B","14.96%"
"04/13/2008","3,094.67","3,419.05","3,427.88","3,078.17","22.46B","-11.40%"
"04/06/2008","3,492.89","3,418.52","3,656.96","3,344.87","27.51B","1.35%"
"03/30/2008","3,446.24","3,465.91","3,555.82","3,271.29","21.83B","-3.74%"
"03/23/2008","3,580.15","3,830.35","3,840.48","3,357.23","27.63B","-5.70%"
"03/16/2008","3,796.58","3,941.26","3,941.26","3,516.33","30.69B","-4.19%"
"03/09/2008","3,962.67","4,265.61","4,272.98","3,891.70","27.93B","-7.86%"
"03/02/2008","4,300.52","4,323.70","4,472.15","4,210.96","38.13B","-1.10%"
"02/24/2008","4,348.54","4,370.19","4,391.33","4,123.31","26.08B","-0.50%"
"02/17/2008","4,370.28","4,546.75","4,695.80","4,333.03","31.19B","-2.82%"
"02/10/2008","4,497.13","4,525.03","4,576.98","4,431.46","11.32B","-2.23%"
"02/03/2008","4,599.70","4,415.02","4,672.21","4,415.02","11.60B","6.46%"
"01/27/2008","4,320.77","4,720.56","4,720.56","4,195.75","27.92B","-9.26%"
"01/20/2008","4,761.69","5,188.80","5,200.93","4,510.50","42.41B","-8.08%"
"01/13/2008","5,180.51","5,507.58","5,522.78","5,039.79","41.63B","-5.55%"
"01/06/2008","5,484.68","5,357.45","5,500.06","5,332.60","45.55B","2.30%"
"12/30/2007","5,361.57","5,265.00","5,372.46","5,201.89","25.60B","1.90%"
"12/23/2007","5,261.56","5,132.91","5,336.50","5,104.65","39.51B","3.13%"
"12/16/2007","5,101.78","5,007.28","5,112.39","4,812.16","28.43B","1.87%"
"12/09/2007","5,007.91","5,010.83","5,209.70","4,860.16","32.82B","-1.65%"
"12/02/2007","5,091.76","4,838.56","5,096.80","4,798.01","24.40B","4.52%"
"11/25/2007","4,871.78","5,102.53","5,124.89","4,778.73","19.37B","-3.19%"
"11/18/2007","5,032.13","5,325.30","5,344.93","4,896.99","20.26B","-5.34%"
"11/11/2007","5,316.27","5,181.18","5,453.74","5,032.58","23.80B","0.01%"
"11/04/2007","5,315.54","5,748.18","5,787.23","5,217.63","24.82B","-8.00%"
"10/28/2007","5,777.81","5,641.98","6,005.13","5,617.98","29.99B","3.37%"
"10/21/2007","5,589.63","5,742.79","5,906.69","5,462.01","29.64B","-3.93%"
"10/14/2007","5,818.05","5,934.77","6,124.04","5,766.86","38.32B","-1.44%"
"10/07/2007","5,903.26","5,683.31","5,959.36","5,620.00","48.56B","6.32%"
"09/23/2007","5,552.30","5,469.84","5,560.42","5,306.82","38.14B","1.79%"
"09/16/2007","5,454.67","5,309.06","5,489.07","5,307.77","47.74B","2.68%"
"09/09/2007","5,312.18","5,208.32","5,395.04","5,025.34","49.07B","0.66%"
"09/02/2007","5,277.18","5,257.78","5,412.32","5,223.67","56.93B","1.12%"
"08/26/2007","5,218.82","5,144.82","5,235.16","5,058.45","52.72B","2.18%"
"08/19/2007","5,107.67","4,773.83","5,125.36","4,758.40","51.98B","9.69%"
"08/12/2007","4,656.57","4,768.62","4,916.31","4,646.43","47.50B","-1.95%"
"08/05/2007","4,749.37","4,600.12","4,769.62","4,564.31","54.63B","4.14%"
"07/29/2007","4,560.77","4,348.61","4,562.69","4,284.87","56.08B","4.96%"
"07/22/2007","4,345.36","4,091.24","4,371.51","4,091.24","52.61B","7.06%"
"07/15/2007","4,058.85","3,920.65","4,062.12","3,767.22","29.10B","3.69%"
"07/08/2007","3,914.39","3,809.67","3,935.51","3,782.73","31.26B","3.52%"
"07/01/2007","3,781.35","3,800.23","3,916.47","3,563.54","34.46B","-1.03%"
"06/24/2007","3,820.70","4,102.79","4,131.13","3,779.81","47.45B","-6.62%"
"06/17/2007","4,091.45","4,195.39","4,312.00","4,024.49","62.14B","-1.00%"
"06/10/2007","4,132.87","3,942.01","4,193.45","3,910.00","69.73B","5.62%"
"06/03/2007","3,913.14","3,981.82","3,987.27","3,404.15","69.61B","-2.19%"
"05/27/2007","4,000.74","4,221.58","4,335.96","3,858.04","87.04B","-4.28%"
"05/20/2007","4,179.78","3,902.35","4,208.39","3,892.97","82.63B","3.71%"
"05/13/2007","4,030.26","3,970.66","4,081.43","3,845.23","69.78B","0.21%"
"05/06/2007","4,021.68","3,937.94","4,072.14","3,875.38","68.07B","4.70%"
"04/29/2007","3,841.27","3,784.27","3,851.35","3,759.48","14.65B","2.16%"
"04/22/2007","3,759.87","3,615.79","3,802.92","3,615.79","73.91B","4.90%"
"04/15/2007","3,584.20","3,523.22","3,623.87","3,358.93","75.38B","1.87%"
"04/08/2007","3,518.27","3,333.42","3,563.86","3,333.26","71.88B","5.86%"
"04/01/2007","3,323.59","3,196.59","3,334.22","3,196.59","55.27B","4.38%"
"03/25/2007","3,183.98","3,083.94","3,273.73","3,052.08","65.35B","3.57%"
"03/18/2007","3,074.29","2,864.26","3,099.82","2,852.86","54.67B","4.91%"
"03/11/2007","2,930.48","2,945.92","2,979.71","2,868.81","54.69B","-0.25%"
"03/04/2007","2,937.91","2,827.68","2,962.42","2,723.07","46.80B","3.76%"
"02/25/2007","2,831.53","2,999.09","3,049.77","2,732.88","61.62B","-5.57%"
"02/11/2007","2,998.47","2,729.84","3,036.35","2,728.78","47.88B","9.82%"
"02/04/2007","2,730.39","2,658.07","2,751.16","2,541.53","42.00B","2.14%"
"01/28/2007","2,673.21","2,897.25","2,980.51","2,666.86","51.72B","-7.26%"
"01/21/2007","2,882.56","2,857.90","2,994.28","2,720.83","63.02B","1.78%"
"01/14/2007","2,832.21","2,660.07","2,870.42","2,658.88","56.47B","6.15%"
"01/07/2007","2,668.11","2,621.07","2,841.74","2,620.62","55.82B","1.01%"
"12/31/2006","2,641.33","2,728.19","2,847.61","2,617.02","22.63B","-1.28%"
"12/24/2006","2,675.47","2,350.13","2,698.90","2,350.13","38.38B","14.16%"
"12/17/2006","2,343.67","2,277.28","2,386.82","2,277.28","39.73B","3.07%"
"12/10/2006","2,273.91","2,085.06","2,275.49","2,084.27","30.94B","8.61%"
"12/03/2006","2,093.64","2,103.82","2,206.51","2,090.40","45.99B","-0.40%"
"11/26/2006","2,102.05","2,042.19","2,112.58","1,992.54","31.79B","2.50%"
"11/19/2006","2,050.81","1,977.53","2,071.24","1,977.53","29.99B","4.01%"
"11/12/2006","1,971.79","1,878.70","1,976.05","1,841.82","25.33B","4.70%"
"11/05/2006","1,883.35","1,853.19","1,920.18","1,846.01","24.91B","0.91%"
"10/29/2006","1,866.36","1,804.37","1,873.66","1,788.29","24.13B","3.28%"
"10/22/2006","1,807.17","1,789.64","1,842.73","1,753.49","25.13B","0.94%"
"10/15/2006","1,790.36","1,787.70","1,801.33","1,758.31","20.58B","0.32%"
"10/08/2006","1,784.66","1,768.14","1,793.14","1,763.11","25.31B","1.84%"
"09/24/2006","1,752.42","1,722.74","1,755.69","1,704.77","17.78B","1.57%"
"09/17/2006","1,725.36","1,727.91","1,746.62","1,719.16","21.14B","0.25%"
"09/10/2006","1,721.05","1,668.16","1,722.66","1,653.01","19.19B","3.18%"
"09/03/2006","1,667.98","1,635.33","1,683.89","1,635.12","16.53B","1.91%"
"08/27/2006","1,636.69","1,627.12","1,667.53","1,624.28","18.99B","0.84%"
"08/20/2006","1,623.03","1,565.46","1,630.05","1,558.10","13.02B","1.57%"
"08/13/2006","1,598.02","1,605.20","1,616.45","1,564.40","12.18B","-0.49%"
"08/06/2006","1,605.93","1,561.80","1,610.76","1,541.41","11.89B","2.28%"
"07/30/2006","1,570.15","1,659.54","1,659.54","1,567.25","14.05B","-5.53%"
"07/23/2006","1,662.03","1,648.75","1,701.61","1,632.69","16.61B","-0.20%"
"07/16/2006","1,665.33","1,662.05","1,684.67","1,636.26","15.73B","0.01%"
"07/09/2006","1,665.21","1,730.70","1,753.28","1,633.90","23.70B","-3.76%"
"07/02/2006","1,730.19","1,677.31","1,757.47","1,670.02","26.32B","3.47%"
"06/25/2006","1,672.21","1,607.79","1,690.95","1,607.79","21.08B","4.14%"
"06/18/2006","1,605.71","1,559.98","1,617.71","1,544.93","17.83B","1.98%"
"06/11/2006","1,574.47","1,540.22","1,574.47","1,512.52","15.84B","1.49%"
"06/04/2006","1,551.38","1,669.24","1,692.83","1,540.93","29.24B","-7.07%"
"05/28/2006","1,669.40","1,622.11","1,695.58","1,609.01","30.78B","3.44%"
"05/21/2006","1,613.89","1,656.75","1,674.22","1,562.39","28.92B","-2.75%"
"05/14/2006","1,659.55","1,616.26","1,678.60","1,582.96","38.47B","3.54%"
"05/07/2006","1,602.83","1,446.99","1,603.21","1,446.99","32.06B","11.29%"
"04/23/2006","1,440.22","1,423.41","1,444.71","1,386.13","22.58B","1.65%"
"04/16/2006","1,416.79","1,360.64","1,419.89","1,353.40","20.85B","4.21%"
"04/09/2006","1,359.54","1,344.24","1,366.52","1,328.43","20.16B","1.23%"
"04/02/2006","1,342.96","1,298.68","1,348.52","1,298.68","19.01B","3.44%"
"03/26/2006","1,298.30","1,296.07","1,313.12","1,283.68","13.25B","0.28%"
"03/19/2006","1,294.70","1,269.58","1,308.06","1,264.41","11.69B","1.99%"
"03/12/2006","1,269.46","1,245.30","1,277.19","1,245.30","8.42B","1.91%"
"03/05/2006","1,245.65","1,292.75","1,296.85","1,238.16","9.23B","-3.68%"
"02/26/2006","1,293.30","1,297.69","1,308.20","1,275.62","12.75B","-0.28%"
"02/19/2006","1,296.87","1,268.11","1,297.94","1,256.81","12.32B","2.32%"
"02/12/2006","1,267.41","1,283.78","1,300.99","1,265.14","13.71B","-1.19%"
"02/05/2006","1,282.66","1,263.00","1,297.40","1,263.00","15.58B","1.96%"
"01/22/2006","1,258.05","1,254.78","1,262.09","1,244.27","8.53B","0.22%"
"01/15/2006","1,255.31","1,221.11","1,258.70","1,198.84","13.85B","2.77%"
"01/08/2006","1,221.46","1,210.32","1,231.22","1,203.65","14.09B","1.00%"
"01/01/2006","1,209.42","1,163.88","1,215.54","1,161.91","8.71B","4.17%"
"12/25/2005","1,161.06","1,145.77","1,173.06","1,145.34","9.08B","1.41%"
"12/18/2005","1,144.87","1,127.84","1,144.94","1,123.50","6.18B","1.54%"
"12/11/2005","1,127.51","1,115.75","1,134.85","1,106.75","6.78B","1.26%"
"12/04/2005","1,113.48","1,093.10","1,114.58","1,074.01","5.66B","1.75%"
"11/27/2005","1,094.29","1,113.83","1,119.35","1,089.56","5.52B","-1.85%"
"11/20/2005","1,114.92","1,117.78","1,122.88","1,093.95","7.54B","-0.19%"
"11/13/2005","1,117.00","1,089.56","1,122.61","1,075.43","6.85B","2.46%"
"11/06/2005","1,090.19","1,099.53","1,117.06","1,078.58","7.28B","-0.90%"
"10/30/2005","1,100.05","1,079.04","1,111.44","1,074.30","7.72B","1.77%"
"10/23/2005","1,080.87","1,141.33","1,143.46","1,067.41","8.86B","-5.30%"
"10/16/2005","1,141.32","1,138.38","1,150.59","1,119.38","8.84B","0.16%"
"10/09/2005","1,139.55","1,153.67","1,165.67","1,133.89","7.57B","-1.39%"
"09/25/2005","1,155.61","1,150.93","1,158.70","1,129.05","8.04B","0.32%"
"09/18/2005","1,151.98","1,213.49","1,223.57","1,147.19","13.61B","-5.03%"
"09/11/2005","1,212.95","1,189.75","1,218.94","1,181.43","12.49B","1.96%"
"09/04/2005","1,189.62","1,189.07","1,204.46","1,168.58","14.17B","0.06%"
"08/28/2005","1,188.85","1,172.00","1,188.91","1,140.10","12.73B","1.45%"
"08/21/2005","1,171.86","1,148.97","1,174.54","1,139.24","11.71B","1.88%"
"08/14/2005","1,150.18","1,167.03","1,201.76","1,132.87","17.65B","-1.52%"
"08/07/2005","1,167.91","1,131.80","1,192.05","1,130.59","16.63B","3.47%"
"07/31/2005","1,128.74","1,082.80","1,129.07","1,081.12","11.17B","4.22%"
"07/24/2005","1,083.03","1,045.27","1,097.63","1,040.59","10.59B","3.51%"
"07/17/2005","1,046.32","1,023.38","1,054.63","1,004.66","6.80B","1.97%"
"07/10/2005","1,026.12","1,026.79","1,049.88","1,004.08","6.79B","0.80%"
"07/03/2005","1,017.98","1,050.24","1,050.24","1,015.40","5.09B","-3.56%"
"06/26/2005","1,055.59","1,108.46","1,129.96","1,053.63","7.62B","-4.20%"
"06/19/2005","1,101.88","1,087.85","1,115.86","1,073.41","7.19B","1.50%"
"06/12/2005","1,085.61","1,105.96","1,119.68","1,064.03","8.41B","-2.05%"
"06/05/2005","1,108.29","1,010.38","1,146.42","998.23","13.61B","9.34%"
"05/29/2005","1,013.64","1,049.72","1,070.50","1,000.52","4.94B","-3.64%"
"05/22/2005","1,051.95","1,095.31","1,095.31","1,050.06","5.00B","-4.30%"
"05/15/2005","1,099.27","1,105.40","1,108.84","1,082.14","5.24B","-0.75%"
"05/08/2005","1,107.63","1,160.62","1,165.39","1,093.28","6.09B","-4.44%"
"04/24/2005","1,159.15","1,166.34","1,172.71","1,135.73","7.27B","-0.86%"
"04/17/2005","1,169.19","1,212.39","1,212.39","1,163.40","6.06B","-3.93%"
"04/10/2005","1,216.96","1,248.15","1,254.32","1,213.20","8.18B","-2.53%"
"04/03/2005","1,248.52","1,212.12","1,249.20","1,183.91","8.42B","2.04%"
"03/27/2005","1,223.57","1,204.85","1,237.80","1,162.03","5.97B","1.49%"
"03/20/2005","1,205.63","1,226.14","1,232.82","1,187.58","5.91B","-1.77%"
"03/13/2005","1,227.40","1,288.98","1,304.11","1,223.62","7.33B","-4.85%"
"03/06/2005","1,289.94","1,288.41","1,326.08","1,278.15","8.22B","0.17%"
"02/27/2005","1,287.71","1,311.44","1,316.72","1,276.88","7.41B","-1.88%"
"02/20/2005","1,312.44","1,259.53","1,328.53","1,259.51","10.35B","4.25%"
"02/13/2005","1,258.97","1,276.02","1,291.46","1,258.56","3.64B","-0.79%"
"01/30/2005","1,269.00","1,210.76","1,274.12","1,187.26","7.49B","4.56%"
"01/23/2005","1,213.67","1,258.02","1,265.95","1,208.86","5.71B","-1.69%"
"01/16/2005","1,234.48","1,235.57","1,237.91","1,189.21","5.69B","-0.89%"
"01/09/2005","1,245.62","1,243.58","1,268.86","1,236.09","4.04B","0.07%"
"01/02/2005","1,244.75","1,260.78","1,260.78","1,234.24","3.37B","-1.72%"
"12/26/2004","1,266.50","1,285.41","1,292.31","1,264.15","4.08B","-1.44%"
"12/19/2004","1,285.04","1,286.07","1,308.59","1,271.03","4.41B","-0.42%"
"12/12/2004","1,290.49","1,312.61","1,317.82","1,288.24","4.47B","-2.07%"
"12/05/2004","1,317.72","1,337.81","1,352.45","1,316.64","5.58B","-1.46%"
"11/28/2004","1,337.20","1,354.58","1,354.58","1,324.55","5.52B","-1.44%"
"11/21/2004","1,356.73","1,381.58","1,387.34","1,348.41","7.32B","-1.68%"
"11/14/2004","1,379.96","1,354.48","1,380.08","1,350.52","6.63B","2.05%"
"11/07/2004","1,352.22","1,303.52","1,379.86","1,292.91","8.10B","3.61%"
"10/31/2004","1,305.13","1,317.66","1,338.26","1,290.99","6.02B","-1.17%"
"10/24/2004","1,320.54","1,337.25","1,356.63","1,289.87","9.29B","-0.66%"
"10/17/2004","1,329.36","1,332.52","1,361.81","1,294.04","6.94B","-0.09%"
"10/10/2004","1,330.52","1,424.22","1,437.57","1,312.55","8.54B","-6.49%"
"10/03/2004","1,422.93","1,395.67","1,423.20","1,373.93","1.38B","1.88%"
"09/26/2004","1,396.70","1,452.51","1,466.40","1,390.68","6.00B","-2.71%"
"09/19/2004","1,435.56","1,423.97","1,496.21","1,408.61","17.01B","1.47%"
"09/12/2004","1,414.70","1,285.32","1,415.64","1,259.43","10.29B","9.92%"
"09/05/2004","1,287.08","1,326.46","1,326.87","1,270.94","3.38B","-3.02%"
"08/29/2004","1,327.12","1,318.32","1,360.75","1,303.19","3.98B","0.49%"
"08/22/2004","1,320.61","1,339.93","1,347.15","1,314.60","3.48B","-1.57%"
"08/15/2004","1,341.74","1,366.52","1,371.23","1,327.77","3.80B","-1.95%"
"08/08/2004","1,368.45","1,388.08","1,404.72","1,357.08","3.89B","-1.58%"
"08/01/2004","1,390.46","1,381.88","1,424.55","1,363.69","5.14B","0.31%"
"07/25/2004","1,386.20","1,401.84","1,409.12","1,366.50","4.70B","-1.51%"
"07/18/2004","1,407.40","1,456.77","1,465.84","1,387.26","5.76B","-3.35%"
"07/11/2004","1,456.13","1,426.25","1,458.38","1,378.91","5.98B","1.78%"
"07/04/2004","1,430.65","1,440.17","1,466.78","1,426.95","4.21B","-0.73%"
"06/27/2004","1,441.19","1,396.36","1,447.61","1,376.22","5.09B","2.86%"
"06/20/2004","1,401.11","1,421.83","1,456.13","1,399.39","4.51B","-1.83%"
"06/13/2004","1,427.30","1,471.45","1,491.69","1,411.03","5.03B","-3.04%"
"06/06/2004","1,472.07","1,538.46","1,538.50","1,456.32","5.11B","-4.54%"
"05/30/2004","1,542.09","1,549.03","1,580.57","1,534.99","5.57B","-0.43%"
"05/23/2004","1,548.72","1,559.55","1,562.33","1,508.64","4.49B","-0.62%"
"05/16/2004","1,558.33","1,556.67","1,575.38","1,526.24","5.05B","-0.28%"
"05/09/2004","1,562.69","1,600.63","1,606.07","1,545.63","4.52B","-2.06%"
"04/25/2004","1,595.59","1,633.27","1,644.50","1,572.23","6.13B","-2.44%"
"04/18/2004","1,635.50","1,695.33","1,698.69","1,632.56","6.67B","-3.45%"
"04/11/2004","1,693.86","1,717.20","1,734.92","1,656.30","8.97B","-1.94%"
"04/04/2004","1,727.35","1,771.74","1,783.01","1,721.59","11.60B","-2.33%"
"03/28/2004","1,768.64","1,734.59","1,771.67","1,711.66","8.56B","1.99%"
"03/21/2004","1,734.05","1,749.71","1,760.08","1,720.88","8.65B","-0.79%"
"03/14/2004","1,747.87","1,696.94","1,755.10","1,696.82","10.52B","3.13%"
"03/07/2004","1,694.74","1,660.64","1,699.25","1,634.71","8.29B","1.96%"
"02/29/2004","1,662.10","1,676.22","1,694.82","1,642.62","9.37B","-0.77%"
"02/22/2004","1,675.07","1,725.59","1,730.28","1,628.84","12.30B","-2.71%"
"02/15/2004","1,721.75","1,661.45","1,728.02","1,661.45","13.27B","3.81%"
"02/08/2004","1,658.54","1,679.58","1,715.46","1,653.24","13.00B","-1.23%"
"02/01/2004","1,679.19","1,630.65","1,705.91","1,585.96","16.03B","5.56%"
"01/25/2004","1,590.73","1,605.25","1,634.41","1,589.40","4.25B","-0.61%"
"01/11/2004","1,600.42","1,579.88","1,627.49","1,573.77","10.87B","1.20%"
"01/04/2004","1,581.47","1,516.80","1,618.76","1,516.70","15.23B","4.24%"
"12/28/2003","1,517.19","1,509.28","1,526.24","1,491.25","6.05B","0.16%"
"12/21/2003","1,514.78","1,444.17","1,525.30","1,441.59","9.77B","4.74%"
"12/14/2003","1,446.29","1,471.24","1,480.43","1,429.71","8.16B","-1.67%"
"12/07/2003","1,470.79","1,452.11","1,475.38","1,429.06","7.73B","1.36%"
"11/30/2003","1,451.12","1,398.71","1,462.07","1,398.71","9.23B","3.86%"
"11/23/2003","1,397.22","1,360.33","1,423.58","1,360.23","8.72B","2.62%"
"11/16/2003","1,361.56","1,330.49","1,394.57","1,312.56","7.13B","2.29%"
"11/09/2003","1,331.05","1,330.96","1,350.39","1,307.39","4.27B","-0.31%"
"11/02/2003","1,335.20","1,346.48","1,412.91","1,323.12","8.00B","-0.97%"
"10/26/2003","1,348.30","1,381.84","1,383.60","1,334.78","5.01B","-2.43%"
"10/19/2003","1,381.83","1,369.71","1,407.39","1,350.21","4.64B","0.82%"
"10/12/2003","1,370.58","1,405.33","1,411.88","1,362.41","3.27B","-2.38%"
"10/05/2003","1,404.01","1,366.20","1,406.00","1,359.50","2.25B","2.70%"
"09/28/2003","1,367.16","1,369.44","1,371.07","1,348.22","1.09B","-0.27%"
"09/21/2003","1,370.84","1,392.90","1,396.94","1,367.75","2.71B","-1.48%"
"09/14/2003","1,391.37","1,407.81","1,416.08","1,383.40","3.13B","-1.26%"
"09/07/2003","1,409.16","1,429.46","1,429.71","1,407.95","3.18B","-1.56%"
"08/31/2003","1,431.53","1,423.35","1,456.55","1,420.12","4.07B","0.67%"
"08/24/2003","1,421.98","1,434.21","1,434.21","1,406.68","2.55B","-1.17%"
"08/17/2003","1,438.88","1,449.67","1,453.45","1,432.75","2.61B","-0.78%"
"08/10/2003","1,450.20","1,469.26","1,484.59","1,447.11","2.71B","-1.43%"
"08/03/2003","1,471.27","1,476.82","1,497.10","1,468.44","3.15B","-0.39%"
"07/27/2003","1,476.97","1,474.74","1,483.07","1,464.87","3.04B","-0.05%"
"07/20/2003","1,477.65","1,501.39","1,510.31","1,471.29","4.68B","-1.96%"
"07/13/2003","1,507.16","1,528.39","1,540.19","1,506.49","4.46B","-1.42%"
"07/06/2003","1,528.85","1,500.85","1,535.97","1,490.97","4.46B","1.76%"
"06/29/2003","1,502.35","1,493.69","1,510.17","1,477.87","3.20B","0.35%"
"06/22/2003","1,497.05","1,524.58","1,524.91","1,486.08","3.75B","-2.12%"
"06/15/2003","1,529.47","1,568.19","1,569.55","1,528.30","4.05B","-2.38%"
"06/08/2003","1,566.77","1,536.27","1,572.41","1,527.84","4.76B","1.81%"
"06/01/2003","1,538.92","1,577.99","1,582.41","1,538.10","5.94B","-2.37%"
"05/25/2003","1,576.26","1,563.20","1,581.61","1,543.34","7.55B","0.98%"
"05/18/2003","1,560.95","1,557.29","1,571.69","1,522.19","6.18B","0.42%"
"05/11/2003","1,554.45","1,522.98","1,560.72","1,477.25","9.51B","2.17%"
"04/27/2003","1,521.44","1,483.47","1,539.57","1,473.27","6.13B","2.31%"
"04/20/2003","1,487.15","1,598.50","1,598.58","1,481.07","8.00B","-7.23%"
"04/13/2003","1,603.08","1,581.38","1,649.60","1,581.20","16.06B","1.66%"
"04/06/2003","1,576.86","1,521.90","1,581.70","1,510.34","11.72B","3.66%"
"03/30/2003","1,521.13","1,491.39","1,525.77","1,490.99","5.10B","1.96%"
"03/23/2003","1,491.94","1,474.59","1,508.26","1,447.01","4.27B","1.17%"
"03/16/2003","1,474.66","1,465.14","1,478.99","1,452.59","3.10B","0.59%"
"03/09/2003","1,466.04","1,492.21","1,496.16","1,458.50","2.82B","-1.81%"
"03/02/2003","1,493.09","1,511.59","1,529.75","1,489.38","3.90B","-1.25%"
"02/23/2003","1,511.93","1,476.07","1,524.75","1,474.47","3.71B","2.24%"
"02/16/2003","1,478.87","1,510.64","1,517.77","1,476.41","4.22B","-2.12%"
"02/09/2003","1,510.95","1,499.17","1,519.29","1,476.87","4.05B","0.74%"
"01/26/2003","1,499.82","1,481.61","1,508.59","1,480.97","3.08B","1.40%"
"01/19/2003","1,479.07","1,475.71","1,489.55","1,446.35","6.03B","0.03%"
"01/12/2003","1,478.67","1,381.87","1,492.72","1,378.65","11.21B","6.77%"
"01/05/2003","1,384.86","1,319.69","1,411.37","1,311.68","5.17B","4.92%"
"12/29/2002","1,319.87","1,379.74","1,379.75","1,312.80","2.16B","-4.56%"
"12/22/2002","1,382.97","1,429.95","1,439.85","1,367.85","3.26B","-3.15%"
"12/15/2002","1,427.94","1,397.72","1,431.36","1,392.89","2.98B","2.22%"
"12/08/2002","1,396.90","1,404.51","1,410.79","1,367.31","2.29B","-0.61%"
"12/01/2002","1,405.53","1,432.03","1,432.90","1,388.51","2.82B","-2.00%"
"11/24/2002","1,434.18","1,393.34","1,450.19","1,353.14","4.00B","2.77%"
"11/17/2002","1,395.50","1,463.72","1,468.33","1,375.54","2.76B","-4.66%"
"11/10/2002","1,463.69","1,519.60","1,526.13","1,451.39","3.02B","-3.84%"
"11/03/2002","1,522.19","1,516.22","1,573.10","1,515.07","3.91B","0.76%"
"10/27/2002","1,510.76","1,518.09","1,521.87","1,488.68","2.06B","-0.63%"
"10/20/2002","1,520.31","1,519.20","1,553.87","1,512.33","2.44B","0.05%"
"10/13/2002","1,519.54","1,522.87","1,548.53","1,500.54","2.25B","-0.30%"
"10/06/2002","1,524.05","1,577.05","1,577.05","1,521.91","3.08B","-3.64%"
"09/22/2002","1,581.62","1,602.28","1,604.30","1,577.53","1.72B","-1.45%"
"09/15/2002","1,604.91","1,624.13","1,624.14","1,585.07","2.11B","-1.28%"
"09/08/2002","1,625.76","1,628.45","1,631.66","1,605.98","1.85B","-0.34%"
"09/01/2002","1,631.38","1,666.34","1,680.28","1,629.93","2.27B","-2.11%"
"08/25/2002","1,666.62","1,682.14","1,683.51","1,664.82","2.50B","-0.99%"
"08/18/2002","1,683.21","1,645.93","1,696.28","1,641.40","3.22B","2.21%"
"08/11/2002","1,646.79","1,642.48","1,652.98","1,624.05","1.90B","-0.02%"
"08/04/2002","1,647.05","1,661.40","1,679.81","1,642.77","2.27B","-0.89%"
"07/28/2002","1,661.87","1,654.92","1,672.12","1,639.22","2.47B","0.26%"
"07/21/2002","1,657.50","1,712.02","1,712.33","1,656.82","3.05B","-3.29%"
"07/14/2002","1,713.86","1,696.81","1,714.09","1,680.20","3.67B","0.92%"
"07/07/2002","1,698.30","1,723.58","1,741.92","1,689.22","5.09B","-1.39%"
"06/30/2002","1,722.19","1,736.29","1,740.38","1,698.83","6.81B","-0.61%"
"06/23/2002","1,732.76","1,704.70","1,748.89","1,647.50","16.68B","10.88%"
"06/16/2002","1,562.72","1,489.13","1,564.92","1,481.25","2.79B","4.58%"
"06/09/2002","1,494.25","1,529.34","1,534.38","1,493.24","2.08B","-2.31%"
"06/02/2002","1,529.51","1,510.25","1,540.83","1,455.31","3.28B","0.91%"
"05/26/2002","1,515.73","1,555.04","1,569.41","1,506.54","2.25B","-2.18%"
"05/19/2002","1,549.47","1,564.97","1,599.11","1,529.35","3.41B","-1.15%"
"05/12/2002","1,567.50","1,634.90","1,634.92","1,540.58","3.23B","-4.32%"
"05/05/2002","1,638.20","1,669.87","1,670.92","1,636.86","1.63B","-1.77%"
"04/28/2002","1,667.75","1,643.55","1,673.75","1,640.56","2.02B","1.66%"
"04/21/2002","1,640.59","1,633.64","1,643.15","1,603.64","2.73B","0.33%"
"04/14/2002","1,635.17","1,660.57","1,664.52","1,603.96","3.52B","-1.44%"
"04/07/2002","1,658.98","1,633.83","1,680.30","1,631.07","5.23B","1.49%"
"03/31/2002","1,634.64","1,598.03","1,657.09","1,575.97","4.00B","1.92%"
"03/24/2002","1,603.90","1,667.85","1,677.05","1,596.25","4.51B","-3.94%"
"03/17/2002","1,669.69","1,641.43","1,693.87","1,610.99","6.79B","3.00%"
"03/10/2002","1,620.98","1,643.59","1,676.51","1,620.56","8.14B","-1.18%"
"03/03/2002","1,640.26","1,497.83","1,645.29","1,494.83","7.29B","9.17%"
"02/24/2002","1,502.54","1,540.49","1,544.92","1,501.56","3.40B","-0.27%"
"02/03/2002","1,506.62","1,485.68","1,530.13","1,476.13","4.31B","1.40%"
"01/27/2002","1,485.77","1,444.50","1,507.64","1,339.20","5.60B","2.36%"
"01/20/2002","1,451.48","1,407.00","1,478.54","1,346.17","4.50B","2.55%"
"01/13/2002","1,415.44","1,519.93","1,519.93","1,376.89","3.14B","-7.82%"
"01/06/2002","1,535.59","1,605.74","1,607.72","1,523.66","2.20B","-4.70%"
"12/30/2001","1,611.39","1,641.43","1,649.80","1,608.83","655.15M","-1.71%"
"12/23/2001","1,639.48","1,639.52","1,644.41","1,593.03","2.41B","-0.04%"
"12/16/2001","1,640.14","1,673.24","1,693.18","1,624.50","2.29B","-2.11%"
"12/09/2001","1,675.51","1,743.62","1,748.97","1,673.32","2.80B","-4.00%"
"12/02/2001","1,745.41","1,751.05","1,776.02","1,737.06","3.99B","-0.15%"
"11/25/2001","1,747.99","1,710.13","1,748.00","1,696.00","3.12B","2.07%"
"11/18/2001","1,712.56","1,645.09","1,721.97","1,644.82","3.38B","4.00%"
"11/11/2001","1,646.76","1,631.80","1,734.67","1,598.11","2.38B","1.01%"
"11/04/2001","1,630.36","1,687.84","1,688.31","1,550.46","2.42B","-3.61%"
"10/28/2001","1,691.35","1,678.72","1,717.74","1,655.89","2.41B","0.80%"
"10/21/2001","1,677.88","1,558.47","1,744.92","1,514.86","5.50B","6.70%"
"10/14/2001","1,572.45","1,692.17","1,703.59","1,550.91","1.99B","-7.03%"
"10/07/2001","1,691.33","1,766.13","1,773.80","1,598.79","2.09B","-4.17%"
"09/23/2001","1,764.87","1,804.89","1,813.31","1,750.76","1.50B","-2.33%"
"09/16/2001","1,807.02","1,811.90","1,836.79","1,780.05","2.17B","-0.62%"
"09/09/2001","1,818.38","1,790.21","1,871.13","1,774.83","2.97B","0.53%"
"09/02/2001","1,808.84","1,831.70","1,888.90","1,807.14","2.46B","-1.38%"
"08/26/2001","1,834.14","1,881.31","1,881.31","1,795.57","2.37B","-2.79%"
"08/19/2001","1,886.80","1,923.10","1,947.40","1,869.49","2.84B","-1.93%"
"08/12/2001","1,924.00","1,956.92","1,963.14","1,909.67","2.50B","-1.59%"
"08/05/2001","1,955.04","1,953.41","1,956.40","1,861.78","4.39B","-0.19%"
"07/29/2001","1,958.69","2,056.76","2,056.77","1,909.30","3.30B","-5.18%"
"07/22/2001","2,065.73","2,183.74","2,185.86","2,063.89","3.23B","-5.23%"
"07/15/2001","2,179.62","2,176.34","2,183.52","2,121.28","3.04B","0.85%"
"07/08/2001","2,161.34","2,169.47","2,192.52","2,153.68","2.51B","-0.42%"
"07/01/2001","2,170.52","2,220.42","2,223.21","2,168.78","2.93B","-2.14%"
"06/24/2001","2,218.03","2,210.07","2,237.52","2,210.04","4.90B","0.54%"
"06/17/2001","2,206.07","2,211.89","2,214.11","2,157.12","3.65B","-0.22%"
"06/10/2001","2,210.97","2,223.80","2,245.43","2,188.25","5.31B","-0.54%"
"06/03/2001","2,223.07","2,223.91","2,242.69","2,211.75","5.55B","0.16%"
"05/27/2001","2,219.59","2,194.45","2,223.26","2,171.68","5.75B","1.19%"
"05/20/2001","2,193.58","2,207.78","2,218.45","2,175.28","5.72B","-0.44%"
"05/13/2001","2,203.37","2,161.61","2,205.01","2,160.12","5.87B","2.23%"
"05/06/2001","2,155.41","2,119.90","2,155.42","2,119.89","3.11B","1.71%"
"04/29/2001","2,119.18","2,117.17","2,122.50","2,111.95","763.66M","0.19%"
"04/22/2001","2,115.11","2,150.34","2,170.39","2,102.82","5.69B","-1.73%"
"04/15/2001","2,152.34","2,150.29","2,179.74","2,148.31","7.51B","0.32%"
"04/08/2001","2,145.40","2,108.97","2,145.44","2,100.97","5.18B","1.74%"
"04/01/2001","2,108.61","2,117.45","2,129.83","2,081.64","5.20B","-0.20%"
"03/25/2001","2,112.78","2,052.05","2,112.88","2,052.05","6.19B","2.88%"
"03/18/2001","2,053.54","2,019.85","2,093.95","2,017.49","6.70B","1.65%"
"03/11/2001","2,020.24","2,013.31","2,027.33","1,992.17","5.07B","0.43%"
"03/04/2001","2,011.66","1,991.28","2,015.50","1,977.11","5.85B","1.34%"
"02/25/2001","1,985.11","1,940.77","1,987.39","1,935.55","2.92B","2.52%"
"02/18/2001","1,936.35","1,942.58","1,980.39","1,893.78","2.22B","-0.29%"
"02/11/2001","1,941.96","1,958.65","1,974.00","1,911.87","2.05B","-0.77%"
"02/04/2001","1,956.97","2,069.86","2,072.55","1,926.40","2.75B","-5.26%"
"01/14/2001","2,065.61","2,097.09","2,097.09","2,007.71","3.56B","-1.86%"
"01/07/2001","2,104.75","2,128.60","2,131.98","2,082.84","4.81B","-0.97%"
"12/31/2000","2,125.30","2,077.08","2,127.42","2,074.88","4.17B","2.50%"
"12/24/2000","2,073.48","2,071.57","2,079.76","2,047.74","4.14B","0.18%"
"12/17/2000","2,069.77","2,038.45","2,086.94","2,024.29","4.06B","1.49%"
"12/10/2000","2,039.36","2,072.28","2,072.48","2,036.88","3.27B","-1.63%"
"12/03/2000","2,073.16","2,084.48","2,097.29","2,060.73","3.49B","-0.42%"
"11/26/2000","2,081.84","2,041.15","2,082.90","2,031.93","3.44B","1.39%"
"11/19/2000","2,053.37","2,092.59","2,125.72","2,045.51","5.01B","-1.90%"
"11/12/2000","2,093.24","2,054.48","2,104.70","2,053.44","5.10B","2.24%"
"11/05/2000","2,047.46","1,983.07","2,051.34","1,982.75","3.87B","3.32%"
"10/29/2000","1,981.63","1,967.65","1,992.86","1,956.42","3.21B","0.72%"
"10/22/2000","1,967.40","1,952.96","1,980.63","1,945.53","3.48B","1.02%"
"10/15/2000","1,947.45","1,917.45","1,947.47","1,896.94","2.43B","1.53%"
"10/08/2000","1,918.16","1,912.08","1,948.01","1,897.24","2.63B","0.42%"
"09/24/2000","1,910.16","1,889.90","1,917.06","1,874.21","1.82B","0.96%"
"09/17/2000","1,891.98","1,979.53","1,981.13","1,888.09","2.70B","-4.37%"
"09/10/2000","1,978.43","1,963.27","1,995.32","1,956.08","2.74B","0.98%"
"09/03/2000","1,959.31","1,994.88","2,020.85","1,923.60","3.40B","-2.03%"
"08/27/2000","1,999.86","2,092.12","2,108.10","1,997.72","5.18B","-4.16%"
"08/20/2000","2,086.70","2,095.38","2,114.52","1,980.35","6.95B","-0.17%"
"08/13/2000","2,090.18","2,065.93","2,097.32","2,065.93","5.32B","1.33%"
"08/06/2000","2,062.67","2,025.18","2,070.30","2,017.90","5.84B","1.79%"
"07/30/2000","2,026.36","2,016.14","2,041.28","2,008.64","5.30B","0.67%"
"07/23/2000","2,012.79","1,998.24","2,025.00","1,982.88","5.05B","0.82%"
"07/16/2000","1,996.34","1,992.89","2,004.46","1,979.88","4.98B","0.46%"
"07/09/2000","1,987.19","1,938.84","1,987.22","1,932.95","6.40B","2.81%"
"07/02/2000","1,932.79","1,917.44","1,932.83","1,888.25","3.89B","0.24%"
"06/25/2000","1,928.11","1,946.70","1,953.34","1,924.47","5.16B","-0.59%"
"06/18/2000","1,939.63","1,924.69","1,939.63","1,888.08","4.20B","0.66%"
"06/11/2000","1,926.94","1,896.43","1,949.17","1,884.62","5.95B","1.38%"
"06/04/2000","1,900.79","1,921.97","1,940.22","1,889.82","7.25B","-0.81%"
"05/28/2000","1,916.25","1,885.55","1,916.25","1,868.61","7.13B","1.95%"
"05/21/2000","1,879.62","1,785.89","1,890.69","1,783.30","6.60B","5.73%"
"05/14/2000","1,777.83","1,722.63","1,777.98","1,695.53","2.82B","3.33%"
"05/07/2000","1,720.61","1,848.17","1,852.90","1,715.06","3.35B","-6.30%"
"04/23/2000","1,836.32","1,844.69","1,848.97","1,797.71","4.88B","-0.26%"
"04/16/2000","1,841.06","1,829.62","1,858.27","1,778.88","6.33B","0.40%"
"04/09/2000","1,833.66","1,826.61","1,840.19","1,785.33","6.39B","0.76%"
"04/02/2000","1,819.90","1,799.58","1,822.62","1,746.30","5.94B","1.09%"
"03/26/2000","1,800.22","1,736.70","1,811.06","1,736.70","8.02B","4.03%"
"03/19/2000","1,730.50","1,646.31","1,770.26","1,641.77","7.06B","4.33%"
"03/12/2000","1,658.60","1,706.77","1,729.01","1,596.07","5.86B","-2.72%"
"03/05/2000","1,705.05","1,756.31","1,762.83","1,654.44","7.07B","-1.90%"
"02/27/2000","1,738.02","1,639.80","1,750.64","1,639.70","8.89B","6.52%"
"02/20/2000","1,631.58","1,681.36","1,697.01","1,586.63","7.86B","-2.19%"
"02/13/2000","1,668.09","1,591.44","1,770.88","1,583.58","11.83B","8.67%"
"01/23/2000","1,535.00","1,465.86","1,536.35","1,449.47","5.62B","4.77%"
"01/16/2000","1,465.09","1,408.99","1,476.46","1,402.66","3.44B","3.99%"
"01/09/2000","1,408.85","1,531.71","1,547.71","1,401.71","4.96B","-7.10%"
"01/02/2000","1,516.60","1,368.69","1,522.83","1,361.21","3.53B","10.98%"