Date,Price,Open,High,Low,Vol.,Change %
12/31/2023,2929.18 ,2972.77 ,2976.27 ,2916.72 ,115.56B,-1.54%
12/24/2023,2974.93 ,2909.88 ,2975.03 ,2890.17 ,133.57B,2.06%
12/17/2023,2914.78 ,2936.58 ,2951.15 ,2882.02 ,140.37B,-0.94%
12/10/2023,2942.56 ,2956.29 ,3003.75 ,2930.42 ,149.14B,-0.91%
12/03/2023,2969.56 ,3033.30 ,3038.98 ,2949.14 ,154.16B,-2.05%
11/26/2023,3031.64 ,3038.19 ,3039.69 ,3010.23 ,142.64B,-0.31%
11/19/2023,3040.97 ,3056.93 ,3089.77 ,3034.30 ,147.17B,-0.44%
11/12/2023,3054.37 ,3044.03 ,3080.13 ,3028.17 ,142.82B,0.51%
11/05/2023,3038.97 ,3047.13 ,3064.58 ,3027.09 ,163.67B,0.27%
10/29/2023,3030.80 ,3009.61 ,3040.98 ,3002.35 ,149.79B,0.43%
10/22/2023,3017.78 ,2969.79 ,3029.21 ,2923.51 ,153.59B,1.16%
10/15/2023,2983.06 ,3091.06 ,3091.13 ,2977.17 ,136.27B,-3.40%
10/08/2023,3088.10 ,3100.00 ,3109.99 ,3071.94 ,130.96B,-0.72%
09/24/2023,3110.48 ,3131.21 ,3131.21 ,3102.27 ,95.75B,-0.70%
09/17/2023,3132.43 ,3110.44 ,3132.56 ,3078.80 ,125.59B,0.47%
09/10/2023,3117.74 ,3119.61 ,3155.10 ,3106.97 ,133.08B,0.03%
09/03/2023,3116.72 ,3145.94 ,3177.06 ,3104.67 ,142.48B,-0.53%
08/27/2023,3133.25 ,3219.04 ,3219.04 ,3089.12 ,183.78B,2.26%
08/20/2023,3064.07 ,3125.99 ,3134.96 ,3053.04 ,144.07B,-2.17%
08/13/2023,3131.95 ,3159.71 ,3186.23 ,3123.25 ,144.39B,-1.80%
08/06/2023,3189.25 ,3276.78 ,3276.78 ,3189.25 ,156.56B,-3.01%
07/30/2023,3288.08 ,3287.21 ,3322.13 ,3247.27 ,217.99B,0.37%
07/23/2023,3275.93 ,3157.47 ,3280.28 ,3151.13 ,162.06B,3.42%
07/16/2023,3167.75 ,3219.02 ,3219.02 ,3157.33 ,116.69B,-2.16%
07/09/2023,3237.70 ,3208.73 ,3248.39 ,3192.66 ,128.55B,1.29%
07/02/2023,3196.61 ,3209.16 ,3246.96 ,3189.21 ,135.74B,-0.17%
06/25/2023,3202.06 ,3177.23 ,3212.99 ,3144.25 ,138.77B,0.13%
06/18/2023,3197.90 ,3271.16 ,3271.16 ,3197.90 ,92.04B,-2.30%
06/11/2023,3273.33 ,3225.30 ,3276.55 ,3210.71 ,153.75B,1.30%
06/04/2023,3231.41 ,3231.81 ,3247.35 ,3180.54 ,145.21B,0.04%
05/28/2023,3230.07 ,3219.76 ,3233.99 ,3186.63 ,150.25B,0.55%
05/21/2023,3212.50 ,3278.60 ,3308.53 ,3168.57 ,138.32B,-2.16%
05/14/2023,3283.54 ,3269.88 ,3317.90 ,3235.87 ,159.16B,0.34%
05/07/2023,3272.36 ,3340.99 ,3418.95 ,3271.43 ,226.04B,-1.86%
04/30/2023,3334.50 ,3306.48 ,3364.14 ,3302.03 ,91.99B,0.34%
04/23/2023,3323.27 ,3300.81 ,3324.88 ,3229.45 ,183.62B,0.67%
04/16/2023,3301.26 ,3337.06 ,3396.17 ,3301.26 ,183.51B,-1.11%
04/09/2023,3338.15 ,3331.51 ,3340.08 ,3298.25 ,169.06B,0.32%
04/02/2023,3327.65 ,3277.34 ,3328.85 ,3276.42 ,135.37B,1.67%
03/26/2023,3272.86 ,3261.82 ,3278.42 ,3220.98 ,151.40B,0.22%
03/19/2023,3265.65 ,3253.93 ,3286.65 ,3231.65 ,161.58B,0.46%
03/12/2023,3250.55 ,3228.12 ,3279.92 ,3216.99 ,159.04B,0.63%
03/05/2023,3230.08 ,3332.02 ,3342.86 ,3229.50 ,153.61B,-2.95%
02/26/2023,3328.39 ,3257.00 ,3330.60 ,3246.14 ,148.54B,1.87%
02/19/2023,3267.16 ,3230.47 ,3308.79 ,3225.84 ,140.14B,1.34%
02/12/2023,3224.02 ,3256.99 ,3308.83 ,3223.26 ,149.74B,-1.12%
02/05/2023,3260.67 ,3244.70 ,3270.38 ,3225.77 ,126.79B,-0.08%
01/29/2023,3263.41 ,3308.87 ,3310.49 ,3235.35 ,161.97B,-0.04%
01/15/2023,3264.81 ,3198.52 ,3267.06 ,3197.32 ,124.51B,2.18%
01/08/2023,3195.31 ,3169.37 ,3195.31 ,3153.40 ,116.57B,1.19%
01/01/2023,3157.64 ,3087.51 ,3170.74 ,3073.05 ,106.91B,2.21%
12/25/2022,3089.26 ,3048.20 ,3098.65 ,3047.35 ,108.64B,1.42%
12/18/2022,3045.87 ,3165.31 ,3170.26 ,3031.54 ,110.21B,-3.85%
12/11/2022,3167.86 ,3195.87 ,3196.72 ,3151.61 ,138.76B,-1.22%
12/04/2022,3206.95 ,3181.92 ,3226.08 ,3177.06 ,186.94B,1.61%
11/27/2022,3156.14 ,3055.29 ,3198.41 ,3034.70 ,176.48B,1.76%
11/20/2022,3101.69 ,3078.06 ,3118.12 ,3056.17 ,148.87B,0.14%
11/13/2022,3097.24 ,3100.87 ,3145.75 ,3074.50 ,158.37B,0.32%
11/06/2022,3087.29 ,3062.86 ,3117.74 ,3022.85 ,149.27B,0.54%
10/30/2022,3070.80 ,2893.20 ,3081.59 ,2885.09 ,153.60B,5.31%
10/23/2022,2915.93 ,3034.75 ,3064.42 ,2908.98 ,138.05B,-4.05%
10/16/2022,3038.93 ,3060.52 ,3099.92 ,3013.69 ,122.91B,-1.08%
10/09/2022,3071.99 ,3026.94 ,3084.27 ,2934.09 ,122.70B,1.57%
09/25/2022,3024.39 ,3067.57 ,3102.65 ,3021.93 ,115.97B,-2.07%
09/18/2022,3088.37 ,3122.75 ,3140.03 ,3072.24 ,116.62B,-1.22%
09/11/2022,3126.40 ,3272.05 ,3278.17 ,3126.40 ,117.31B,-4.16%
09/04/2022,3262.05 ,3183.95 ,3266.20 ,3172.04 ,146.61B,2.37%
08/28/2022,3186.48 ,3203.10 ,3243.75 ,3173.79 ,146.09B,-1.54%
08/21/2022,3236.22 ,3249.70 ,3284.60 ,3199.12 ,164.34B,-0.67%
08/14/2022,3258.08 ,3268.37 ,3296.00 ,3258.06 ,155.20B,-0.57%
08/07/2022,3276.89 ,3218.85 ,3288.22 ,3214.08 ,137.20B,1.55%
07/31/2022,3227.03 ,3246.62 ,3264.30 ,3155.19 ,154.68B,-0.81%
07/24/2022,3253.24 ,3269.71 ,3305.71 ,3243.03 ,137.52B,-0.51%
07/17/2022,3269.97 ,3235.09 ,3308.35 ,3226.23 ,159.86B,1.30%
07/10/2022,3228.06 ,3341.10 ,3341.10 ,3228.06 ,174.52B,-3.81%
07/03/2022,3356.08 ,3381.82 ,3424.84 ,3332.31 ,181.14B,-0.93%
06/26/2022,3387.64 ,3364.00 ,3417.01 ,3358.47 ,199.85B,1.13%
06/19/2022,3349.75 ,3315.78 ,3356.71 ,3262.29 ,197.49B,0.99%
06/12/2022,3316.79 ,3256.27 ,3358.55 ,3195.82 ,226.81B,0.97%
06/05/2022,3284.83 ,3196.96 ,3286.62 ,3181.65 ,212.10B,2.80%
05/29/2022,3195.46 ,3141.96 ,3197.28 ,3123.15 ,145.13B,2.08%
05/22/2022,3130.24 ,3150.49 ,3153.13 ,3069.95 ,184.17B,-0.52%
05/15/2022,3146.57 ,3100.55 ,3146.57 ,3042.67 ,169.24B,2.02%
05/08/2022,3084.28 ,2990.20 ,3100.90 ,2957.40 ,176.29B,2.76%
05/01/2022,3001.56 ,3044.85 ,3082.23 ,2992.72 ,72.63B,-1.49%
04/24/2022,3047.06 ,3034.27 ,3048.49 ,2863.65 ,205.76B,-1.29%
04/17/2022,3086.92 ,3185.94 ,3207.83 ,3049.36 ,178.33B,-3.87%
04/10/2022,3211.24 ,3239.85 ,3240.00 ,3140.90 ,201.27B,-1.25%
04/03/2022,3251.85 ,3269.43 ,3290.26 ,3208.35 ,124.61B,-0.94%
03/27/2022,3282.72 ,3185.17 ,3287.23 ,3159.83 ,180.47B,2.19%
03/20/2022,3212.24 ,3255.62 ,3279.89 ,3211.64 ,173.43B,-1.19%
03/13/2022,3251.07 ,3271.89 ,3297.80 ,3023.30 ,204.15B,-1.77%
03/06/2022,3309.75 ,3438.56 ,3438.56 ,3147.68 ,203.82B,-4.00%
02/27/2022,3447.65 ,3450.32 ,3500.29 ,3425.52 ,180.73B,-0.11%
02/20/2022,3451.41 ,3488.41 ,3492.20 ,3400.21 ,181.93B,-1.13%
02/13/2022,3490.76 ,3451.85 ,3490.76 ,3415.45 ,145.82B,0.80%
02/06/2022,3462.95 ,3407.76 ,3500.15 ,3390.46 ,175.39B,3.02%
01/23/2022,3361.44 ,3508.24 ,3531.61 ,3356.56 ,145.42B,-4.57%
01/16/2022,3522.57 ,3522.09 ,3579.31 ,3514.89 ,172.93B,0.04%
01/09/2022,3521.26 ,3572.74 ,3602.15 ,3519.32 ,180.54B,-1.63%
01/02/2022,3579.54 ,3649.15 ,3651.89 ,3559.88 ,163.68B,-1.65%
12/26/2021,3639.78 ,3613.05 ,3642.84 ,3595.50 ,158.81B,0.60%
12/19/2021,3618.05 ,3620.04 ,3648.96 ,3589.36 ,200.01B,-0.39%
12/12/2021,3632.36 ,3686.94 ,3708.94 ,3631.66 ,195.36B,-0.93%
12/05/2021,3666.35 ,3615.24 ,3688.40 ,3572.57 ,203.55B,1.63%
11/28/2021,3607.43 ,3528.67 ,3608.47 ,3526.35 ,174.43B,1.22%
11/21/2021,3564.09 ,3562.76 ,3602.74 ,3554.88 ,163.42B,0.10%
11/14/2021,3560.37 ,3542.90 ,3561.91 ,3513.11 ,153.06B,0.60%
11/07/2021,3539.10 ,3491.97 ,3543.65 ,3448.44 ,152.33B,1.36%
10/31/2021,3491.57 ,3530.40 ,3559.05 ,3477.66 ,178.04B,-1.57%
10/24/2021,3547.34 ,3574.26 ,3625.02 ,3502.80 ,174.61B,-0.98%
10/17/2021,3582.60 ,3571.05 ,3610.96 ,3539.48 ,172.49B,0.29%
10/10/2021,3572.37 ,3600.36 ,3614.70 ,3515.14 ,174.01B,-0.55%
10/03/2021,3592.17 ,3609.09 ,3612.55 ,3571.73 ,40.72B,0.67%
09/26/2021,3568.17 ,3625.96 ,3640.81 ,3518.05 ,180.31B,-1.24%
09/19/2021,3613.07 ,3563.21 ,3670.95 ,3560.50 ,151.46B,-0.02%
09/12/2021,3613.97 ,3699.25 ,3723.85 ,3569.27 ,266.10B,-2.41%
09/05/2021,3703.11 ,3580.14 ,3722.87 ,3580.14 ,289.59B,3.39%
08/29/2021,3581.73 ,3535.07 ,3613.95 ,3496.39 ,289.15B,1.69%
08/22/2021,3522.16 ,3436.80 ,3540.39 ,3436.67 ,222.33B,2.77%
08/15/2021,3427.33 ,3514.34 ,3537.85 ,3394.97 ,197.67B,-2.53%
08/08/2021,3516.30 ,3441.75 ,3544.09 ,3438.70 ,183.81B,1.68%
08/01/2021,3458.23 ,3385.69 ,3486.16 ,3367.64 ,186.76B,1.79%
07/25/2021,3397.36 ,3538.01 ,3538.01 ,3312.72 ,203.38B,-4.31%
07/18/2021,3550.40 ,3530.49 ,3576.47 ,3506.34 ,179.70B,0.31%
07/11/2021,3539.30 ,3545.20 ,3567.48 ,3514.26 ,186.76B,0.43%
07/04/2021,3524.09 ,3516.92 ,3558.68 ,3485.05 ,162.18B,0.15%
06/27/2021,3518.76 ,3612.25 ,3614.36 ,3514.34 ,147.93B,-2.46%
06/20/2021,3607.56 ,3515.50 ,3614.30 ,3504.01 ,158.07B,2.34%
06/13/2021,3525.10 ,3587.47 ,3592.95 ,3503.18 ,123.57B,-1.80%
06/06/2021,3589.75 ,3597.14 ,3624.34 ,3563.25 ,158.53B,-0.06%
05/30/2021,3591.84 ,3600.07 ,3629.29 ,3561.89 ,171.80B,-0.25%
05/23/2021,3600.78 ,3486.27 ,3626.36 ,3469.87 ,163.15B,3.28%
05/16/2021,3486.56 ,3490.41 ,3530.51 ,3479.67 ,148.16B,-0.11%
05/09/2021,3490.38 ,3423.59 ,3490.64 ,3384.70 ,169.29B,2.09%
05/02/2021,3418.87 ,3446.07 ,3471.24 ,3416.78 ,66.42B,-0.81%
04/25/2021,3446.86 ,3484.11 ,3497.12 ,3417.26 ,136.67B,-0.79%
04/18/2021,3474.17 ,3427.55 ,3494.30 ,3414.36 ,134.23B,1.39%
04/11/2021,3426.62 ,3445.97 ,3456.16 ,3373.09 ,130.60B,-0.70%
04/04/2021,3450.68 ,3491.63 ,3495.91 ,3442.14 ,114.24B,-0.97%
03/28/2021,3484.39 ,3429.63 ,3487.59 ,3409.89 ,139.12B,1.93%
03/21/2021,3418.33 ,3406.12 ,3445.42 ,3344.97 ,150.16B,0.40%
03/14/2021,3404.66 ,3441.88 ,3478.14 ,3389.29 ,155.81B,-1.40%
03/07/2021,3453.08 ,3524.98 ,3542.30 ,3328.31 ,177.46B,-1.40%
02/28/2021,3501.99 ,3531.48 ,3577.62 ,3456.67 ,175.30B,-0.20%
02/21/2021,3509.08 ,3707.19 ,3717.27 ,3500.70 ,194.94B,-5.06%
02/14/2021,3696.17 ,3721.09 ,3731.69 ,3634.01 ,70.14B,1.12%
02/07/2021,3655.09 ,3504.56 ,3662.77 ,3492.13 ,76.16B,4.54%
01/31/2021,3496.33 ,3477.17 ,3544.01 ,3465.77 ,142.84B,0.38%
01/24/2021,3483.07 ,3605.36 ,3637.10 ,3446.55 ,143.41B,-3.43%
01/17/2021,3606.75 ,3554.80 ,3636.24 ,3544.26 ,154.93B,1.13%
01/10/2021,3566.38 ,3571.32 ,3622.35 ,3516.99 ,174.63B,-0.10%
01/03/2021,3570.11 ,3474.68 ,3588.06 ,3457.21 ,190.99B,2.79%
12/27/2020,3473.07 ,3396.36 ,3474.92 ,3374.42 ,125.47B,2.25%
12/20/2020,3396.56 ,3394.39 ,3423.61 ,3348.35 ,147.59B,0.05%
12/13/2020,3394.90 ,3349.53 ,3413.81 ,3338.63 ,124.27B,1.43%
12/06/2020,3347.19 ,3446.65 ,3449.58 ,3325.17 ,128.81B,-2.83%
11/29/2020,3444.58 ,3418.16 ,3465.73 ,3386.91 ,156.87B,1.06%
11/22/2020,3408.31 ,3384.10 ,3431.65 ,3344.28 ,153.35B,0.91%
11/15/2020,3377.73 ,3325.62 ,3380.15 ,3313.65 ,136.53B,2.04%
11/08/2020,3310.10 ,3329.43 ,3387.62 ,3291.64 ,130.45B,-0.06%
11/01/2020,3312.16 ,3228.72 ,3326.46 ,3209.91 ,109.23B,2.72%
10/25/2020,3224.53 ,3258.70 ,3289.77 ,3219.42 ,90.49B,-1.63%
10/18/2020,3278.00 ,3351.10 ,3371.09 ,3276.62 ,89.52B,-1.75%
10/11/2020,3336.36 ,3287.33 ,3361.83 ,3286.11 ,104.85B,1.96%
10/04/2020,3272.08 ,3262.61 ,3280.51 ,3260.19 ,18.83B,1.68%
09/27/2020,3218.05 ,3224.98 ,3244.91 ,3202.34 ,46.08B,-0.04%
09/20/2020,3219.42 ,3348.90 ,3350.59 ,3208.03 ,97.12B,-3.56%
09/13/2020,3338.09 ,3275.92 ,3338.32 ,3248.50 ,107.12B,2.38%
09/06/2020,3260.35 ,3349.92 ,3368.24 ,3220.54 ,141.74B,-2.83%
08/30/2020,3355.37 ,3416.55 ,3442.74 ,3328.55 ,130.90B,-1.42%
08/23/2020,3403.81 ,3391.11 ,3408.87 ,3312.99 ,134.62B,0.68%
08/16/2020,3380.68 ,3373.90 ,3456.72 ,3352.78 ,184.41B,0.61%
08/09/2020,3360.10 ,3341.53 ,3409.06 ,3263.27 ,179.05B,0.18%
08/02/2020,3354.04 ,3332.18 ,3392.70 ,3307.71 ,205.48B,1.33%
07/26/2020,3310.01 ,3210.39 ,3333.79 ,3174.66 ,160.81B,3.54%
07/19/2020,3196.77 ,3243.91 ,3381.98 ,3184.96 ,200.52B,-0.54%
07/12/2020,3214.13 ,3379.39 ,3458.79 ,3181.27 ,244.35B,-5.00%
07/05/2020,3383.32 ,3187.84 ,3456.97 ,3187.84 ,306.49B,7.31%
06/28/2020,3152.81 ,2973.08 ,3152.81 ,2951.77 ,155.88B,5.82%
06/21/2020,2979.55 ,2966.90 ,2983.44 ,2949.85 ,70.63B,0.40%
06/14/2020,2967.63 ,2908.28 ,2973.32 ,2890.03 ,122.42B,1.64%
06/07/2020,2919.74 ,2941.98 ,2957.12 ,2872.62 ,111.78B,-0.38%
05/31/2020,2930.80 ,2871.96 ,2942.76 ,2871.96 ,121.59B,2.75%
05/24/2020,2852.35 ,2816.24 ,2861.92 ,2802.47 ,95.99B,1.37%
05/17/2020,2813.77 ,2872.52 ,2900.22 ,2808.02 ,104.64B,-1.91%
05/10/2020,2868.46 ,2901.57 ,2914.28 ,2863.37 ,99.40B,-0.93%
05/03/2020,2895.34 ,2831.63 ,2903.80 ,2830.65 ,70.34B,1.23%
04/26/2020,2860.08 ,2812.24 ,2865.59 ,2758.25 ,90.85B,1.84%
04/19/2020,2808.53 ,2840.41 ,2853.64 ,2802.50 ,114.64B,-1.06%
04/12/2020,2838.49 ,2784.60 ,2854.96 ,2774.08 ,103.42B,1.50%
04/05/2020,2796.63 ,2806.97 ,2833.01 ,2789.98 ,98.53B,1.18%
03/29/2020,2763.99 ,2739.72 ,2780.64 ,2719.90 ,109.43B,-0.30%
03/22/2020,2772.20 ,2677.59 ,2805.55 ,2656.50 ,125.48B,0.97%
03/15/2020,2745.62 ,2897.30 ,2898.03 ,2646.80 ,150.35B,-4.91%
03/08/2020,2887.43 ,2987.18 ,3010.03 ,2799.98 ,183.46B,-4.85%
03/01/2020,3034.51 ,2899.31 ,3074.26 ,2899.31 ,193.83B,5.35%
02/23/2020,2880.30 ,3027.89 ,3042.18 ,2878.54 ,203.28B,-5.24%
02/16/2020,3039.67 ,2924.99 ,3058.90 ,2924.99 ,165.03B,4.21%
02/09/2020,2917.01 ,2860.50 ,2935.41 ,2851.05 ,133.83B,1.43%
02/02/2020,2875.96 ,2716.70 ,2876.59 ,2685.27 ,151.56B,-3.38%
01/19/2020,2976.53 ,3082.11 ,3096.31 ,2955.35 ,94.19B,-3.22%
01/12/2020,3075.50 ,3091.49 ,3127.17 ,3067.25 ,103.66B,-0.54%
01/05/2020,3092.29 ,3070.91 ,3107.20 ,3059.13 ,134.09B,0.28%
12/29/2019,3083.79 ,2998.17 ,3098.10 ,2983.34 ,101.95B,2.62%
12/22/2019,3005.04 ,2999.04 ,3036.11 ,2960.44 ,97.39B,0.00%
12/15/2019,3004.94 ,2970.97 ,3039.38 ,2958.71 ,117.27B,1.26%
12/08/2019,2967.68 ,2914.46 ,2969.98 ,2902.79 ,86.02B,1.91%
12/01/2019,2912.01 ,2874.45 ,2912.01 ,2857.32 ,65.54B,1.39%
11/24/2019,2871.98 ,2885.61 ,2915.04 ,2858.58 ,72.46B,-0.46%
11/17/2019,2885.29 ,2889.55 ,2933.99 ,2873.99 ,67.93B,-0.21%
11/10/2019,2891.34 ,2949.96 ,2949.96 ,2891.20 ,68.21B,-2.46%
11/03/2019,2964.18 ,2964.58 ,3008.31 ,2962.84 ,79.91B,0.20%
10/27/2019,2958.20 ,2958.69 ,2980.13 ,2917.15 ,82.01B,0.11%
10/20/2019,2954.93 ,2933.90 ,2958.24 ,2917.69 ,63.72B,0.57%
10/13/2019,2938.14 ,2993.96 ,3026.38 ,2933.24 ,78.64B,-1.19%
10/06/2019,2973.66 ,2905.76 ,2980.79 ,2891.54 ,55.14B,2.36%
09/29/2019,2905.19 ,2927.92 ,2936.48 ,2905.19 ,11.67B,-0.92%
09/22/2019,2932.17 ,2998.40 ,3002.90 ,2920.93 ,82.24B,-2.47%
09/15/2019,3006.45 ,3041.92 ,3042.93 ,2970.57 ,95.81B,-0.82%
09/08/2019,3031.24 ,3023.78 ,3033.47 ,3004.22 ,91.02B,1.05%
09/01/2019,2999.60 ,2886.94 ,3015.84 ,2883.68 ,113.95B,3.93%
08/25/2019,2886.24 ,2851.02 ,2919.64 ,2849.24 ,93.37B,-0.39%
08/18/2019,2897.43 ,2835.52 ,2902.46 ,2829.85 ,87.16B,2.61%
08/11/2019,2823.82 ,2781.98 ,2840.32 ,2756.83 ,70.78B,1.77%
08/04/2019,2774.75 ,2854.58 ,2863.69 ,2733.92 ,85.40B,-3.25%
07/28/2019,2867.84 ,2943.92 ,2965.63 ,2851.44 ,74.46B,-2.60%
07/21/2019,2944.54 ,2925.79 ,2948.33 ,2879.69 ,75.03B,0.70%
07/14/2019,2924.20 ,2921.55 ,2955.00 ,2886.70 ,74.85B,-0.22%
07/07/2019,2930.55 ,2997.81 ,2997.81 ,2905.81 ,77.36B,-2.67%
06/30/2019,3011.06 ,3024.62 ,3048.48 ,2990.92 ,102.88B,1.08%
06/23/2019,2978.88 ,3004.29 ,3012.83 ,2948.99 ,100.55B,-0.77%
06/16/2019,3001.98 ,2880.42 ,3010.35 ,2874.31 ,111.04B,4.16%
06/09/2019,2881.97 ,2833.01 ,2927.43 ,2824.36 ,109.58B,1.92%
06/02/2019,2827.80 ,2901.74 ,2920.83 ,2822.19 ,76.30B,-2.45%
05/26/2019,2898.70 ,2851.28 ,2934.98 ,2833.04 ,102.00B,1.60%
05/19/2019,2852.99 ,2874.80 ,2919.24 ,2838.45 ,98.54B,-1.02%
05/12/2019,2882.30 ,2905.07 ,2956.78 ,2872.83 ,116.56B,-1.94%
05/05/2019,2939.21 ,2984.73 ,2986.54 ,2838.38 ,129.41B,-4.52%
04/28/2019,3078.34 ,3090.63 ,3107.76 ,3050.03 ,51.44B,-0.26%
04/21/2019,3086.40 ,3278.49 ,3279.49 ,3085.80 ,156.32B,-5.64%
04/14/2019,3270.80 ,3233.46 ,3275.33 ,3153.21 ,170.50B,2.58%
04/07/2019,3188.63 ,3271.27 ,3288.45 ,3168.04 ,189.16B,-1.78%
03/31/2019,3246.57 ,3111.66 ,3254.14 ,3111.66 ,181.29B,5.04%
03/24/2019,3090.76 ,3058.80 ,3093.03 ,2987.77 ,168.84B,-0.43%
03/17/2019,3104.15 ,3027.80 ,3125.02 ,3009.51 ,188.64B,2.73%
03/10/2019,3021.75 ,2969.08 ,3093.39 ,2963.58 ,210.49B,1.75%
03/03/2019,2969.86 ,3015.94 ,3129.94 ,2969.58 ,266.65B,-0.81%
02/24/2019,2994.00 ,2838.39 ,2997.49 ,2838.39 ,226.52B,6.77%
02/17/2019,2804.23 ,2699.82 ,2804.23 ,2699.82 ,139.46B,4.54%
02/10/2019,2682.39 ,2613.17 ,2729.46 ,2613.17 ,97.58B,2.45%
01/27/2019,2618.23 ,2615.71 ,2630.32 ,2559.98 ,70.94B,0.63%
01/20/2019,2601.72 ,2599.06 ,2618.98 ,2569.70 ,76.08B,0.22%
01/13/2019,2596.01 ,2553.33 ,2598.88 ,2532.43 ,80.76B,1.65%
01/06/2019,2553.83 ,2528.70 ,2574.41 ,2515.51 ,83.66B,1.55%
12/30/2018,2514.87 ,2497.88 ,2515.32 ,2440.91 ,40.32B,0.84%
12/23/2018,2493.90 ,2506.74 ,2532.00 ,2462.84 ,60.15B,-0.89%
12/16/2018,2516.25 ,2587.26 ,2599.15 ,2498.69 ,57.83B,-2.99%
12/09/2018,2593.74 ,2589.19 ,2645.84 ,2576.24 ,61.47B,-0.47%
12/02/2018,2605.89 ,2647.13 ,2666.08 ,2599.28 ,78.07B,0.68%
11/25/2018,2588.19 ,2580.84 ,2617.55 ,2555.32 ,70.04B,0.34%
11/18/2018,2579.48 ,2681.90 ,2703.51 ,2577.35 ,97.09B,-3.72%
11/11/2018,2679.11 ,2593.20 ,2695.57 ,2590.21 ,111.28B,3.09%
11/04/2018,2598.87 ,2665.43 ,2675.68 ,2598.16 ,84.27B,-2.90%
10/28/2018,2676.48 ,2593.59 ,2676.48 ,2521.78 ,90.74B,2.99%
10/21/2018,2598.85 ,2565.64 ,2675.41 ,2531.53 ,87.13B,1.90%
10/14/2018,2550.47 ,2605.91 ,2611.97 ,2449.20 ,64.07B,-2.17%
10/07/2018,2606.91 ,2768.21 ,2771.94 ,2536.67 ,74.70B,-7.60%
09/23/2018,2821.35 ,2775.07 ,2827.34 ,2771.16 ,50.98B,0.85%
09/16/2018,2797.48 ,2671.29 ,2797.49 ,2644.30 ,61.50B,4.32%
09/09/2018,2681.64 ,2698.01 ,2703.43 ,2647.17 ,50.08B,-0.76%
09/02/2018,2702.30 ,2716.40 ,2756.61 ,2683.72 ,52.28B,-0.84%
08/26/2018,2725.25 ,2736.32 ,2791.39 ,2710.54 ,56.75B,-0.15%
08/19/2018,2729.43 ,2673.07 ,2748.82 ,2653.11 ,51.70B,2.27%
08/12/2018,2668.97 ,2769.02 ,2789.80 ,2665.59 ,58.60B,-4.52%
08/05/2018,2795.31 ,2736.53 ,2806.11 ,2692.32 ,70.02B,2.00%
07/29/2018,2740.44 ,2871.94 ,2897.40 ,2726.48 ,72.13B,-4.63%
07/22/2018,2873.59 ,2815.20 ,2915.30 ,2809.62 ,88.56B,1.57%
07/15/2018,2829.27 ,2827.08 ,2837.86 ,2753.84 ,59.45B,-0.07%
07/08/2018,2831.18 ,2752.45 ,2844.19 ,2752.43 ,63.01B,3.06%
07/01/2018,2747.23 ,2841.58 ,2845.68 ,2691.02 ,66.83B,-3.52%
06/24/2018,2847.42 ,2903.45 ,2908.62 ,2782.38 ,62.13B,-1.47%
06/17/2018,2889.76 ,2982.65 ,2984.97 ,2837.14 ,65.54B,-4.37%
06/10/2018,3021.90 ,3057.34 ,3081.45 ,3008.73 ,60.14B,-1.48%
06/03/2018,3067.15 ,3083.43 ,3128.72 ,3053.29 ,61.60B,-0.26%
05/27/2018,3075.14 ,3136.81 ,3149.66 ,3041.00 ,68.99B,-2.11%
05/20/2018,3141.30 ,3206.18 ,3219.74 ,3131.07 ,71.93B,-1.63%
05/13/2018,3193.30 ,3167.04 ,3193.45 ,3144.78 ,63.49B,0.95%
05/06/2018,3163.26 ,3094.90 ,3180.76 ,3091.66 ,67.22B,2.34%
04/29/2018,3091.03 ,3087.41 ,3105.66 ,3056.16 ,39.29B,0.29%
04/22/2018,3082.23 ,3063.44 ,3136.04 ,3045.94 ,68.65B,0.35%
04/15/2018,3071.54 ,3152.89 ,3153.11 ,3041.62 ,77.61B,-2.77%
04/08/2018,3159.05 ,3125.44 ,3220.85 ,3110.30 ,75.95B,0.89%
04/01/2018,3131.11 ,3169.78 ,3192.34 ,3119.13 ,47.69B,-1.19%
03/25/2018,3168.90 ,3117.32 ,3177.72 ,3091.46 ,86.39B,0.51%
03/18/2018,3152.76 ,3264.93 ,3314.21 ,3110.66 ,87.22B,-3.58%
03/11/2018,3269.88 ,3319.21 ,3333.88 ,3269.28 ,83.09B,-1.13%
03/04/2018,3307.17 ,3255.87 ,3309.72 ,3236.72 ,82.71B,1.62%
02/25/2018,3254.53 ,3307.30 ,3335.99 ,3228.58 ,82.38B,-1.05%
02/18/2018,3289.02 ,3237.57 ,3294.13 ,3234.12 ,28.45B,2.81%
02/11/2018,3199.16 ,3128.37 ,3219.22 ,3113.61 ,40.52B,2.21%
02/04/2018,3129.85 ,3411.67 ,3487.72 ,3062.74 ,121.68B,-9.60%
01/28/2018,3462.08 ,3563.64 ,3587.03 ,3388.86 ,109.83B,-2.70%
01/21/2018,3558.13 ,3476.99 ,3574.90 ,3475.67 ,117.53B,2.01%
01/14/2018,3487.86 ,3428.95 ,3498.43 ,3401.96 ,117.21B,1.72%
01/07/2018,3428.94 ,3391.55 ,3435.42 ,3384.56 ,98.46B,1.10%
12/31/2017,3391.75 ,3314.03 ,3402.07 ,3314.03 ,83.61B,2.56%
12/24/2017,3307.17 ,3296.21 ,3312.30 ,3263.73 ,76.90B,0.31%
12/17/2017,3297.06 ,3268.03 ,3309.22 ,3254.18 ,63.98B,0.95%
12/10/2017,3266.14 ,3290.49 ,3322.67 ,3259.39 ,62.01B,-0.72%
12/03/2017,3289.99 ,3310.38 ,3324.00 ,3254.61 ,77.33B,-0.83%
11/26/2017,3317.62 ,3346.66 ,3347.05 ,3300.78 ,78.43B,-1.08%
11/19/2017,3353.82 ,3361.36 ,3442.18 ,3328.33 ,96.18B,-0.86%
11/12/2017,3382.91 ,3435.18 ,3450.49 ,3373.30 ,97.68B,-1.45%
11/05/2017,3432.67 ,3369.68 ,3438.79 ,3356.53 ,87.86B,1.81%
10/29/2017,3371.74 ,3413.87 ,3419.73 ,3347.36 ,88.20B,-1.32%
10/22/2017,3416.81 ,3382.28 ,3421.10 ,3374.12 ,74.79B,1.13%
10/15/2017,3378.65 ,3393.21 ,3400.51 ,3359.63 ,74.26B,-0.35%
10/08/2017,3390.52 ,3403.25 ,3410.17 ,3358.80 ,85.44B,1.24%
09/24/2017,3348.94 ,3344.59 ,3357.02 ,3332.60 ,73.96B,-0.11%
09/17/2017,3352.53 ,3352.51 ,3377.88 ,3334.98 ,95.03B,-0.03%
09/10/2017,3353.62 ,3365.35 ,3391.64 ,3345.33 ,112.75B,-0.35%
09/03/2017,3365.24 ,3369.72 ,3391.01 ,3353.69 ,113.26B,-0.06%
08/27/2017,3367.12 ,3336.13 ,3381.93 ,3336.13 ,124.07B,1.07%
08/20/2017,3331.52 ,3274.58 ,3331.91 ,3266.36 ,92.18B,1.92%
08/13/2017,3268.72 ,3206.04 ,3275.08 ,3206.04 ,94.42B,1.88%
08/06/2017,3208.54 ,3257.67 ,3285.48 ,3200.75 ,122.25B,-1.64%
07/30/2017,3262.08 ,3252.75 ,3305.43 ,3251.19 ,125.91B,0.27%
07/23/2017,3253.24 ,3230.90 ,3264.85 ,3220.64 ,106.29B,0.47%
07/16/2017,3237.98 ,3219.79 ,3247.71 ,3139.50 ,116.74B,0.48%
07/09/2017,3222.42 ,3208.46 ,3226.91 ,3177.93 ,92.91B,0.14%
07/02/2017,3217.96 ,3192.00 ,3219.52 ,3174.31 ,78.22B,0.80%
06/25/2017,3192.43 ,3157.00 ,3193.46 ,3156.98 ,71.85B,1.09%
06/18/2017,3157.87 ,3122.16 ,3186.98 ,3118.09 ,75.90B,1.11%
06/11/2017,3123.17 ,3149.53 ,3164.95 ,3117.08 ,69.00B,-1.12%
06/04/2017,3158.40 ,3102.11 ,3165.92 ,3078.79 ,73.17B,1.70%
05/28/2017,3105.54 ,3125.33 ,3143.28 ,3081.85 ,45.85B,-0.15%
05/21/2017,3110.06 ,3087.17 ,3120.66 ,3022.30 ,81.91B,0.63%
05/14/2017,3090.63 ,3085.93 ,3119.58 ,3060.53 ,75.64B,0.23%
05/07/2017,3083.51 ,3090.07 ,3093.45 ,3016.53 ,82.74B,-0.63%
04/30/2017,3103.04 ,3147.23 ,3154.78 ,3092.09 ,67.22B,-1.64%
04/23/2017,3154.66 ,3164.25 ,3164.25 ,3097.33 ,88.43B,-0.58%
04/16/2017,3173.15 ,3229.95 ,3229.95 ,3147.07 ,97.03B,-2.25%
04/09/2017,3246.07 ,3285.46 ,3290.39 ,3238.90 ,120.52B,-1.23%
04/02/2017,3286.62 ,3235.66 ,3295.19 ,3233.24 ,72.97B,1.99%
03/26/2017,3222.51 ,3268.92 ,3283.24 ,3195.85 ,102.32B,-1.44%
03/19/2017,3269.45 ,3241.11 ,3275.21 ,3221.93 ,93.58B,0.99%
03/12/2017,3237.45 ,3209.45 ,3274.19 ,3193.16 ,84.47B,0.77%
03/05/2017,3212.76 ,3217.33 ,3245.30 ,3205.28 ,78.49B,-0.17%
02/26/2017,3218.31 ,3249.19 ,3259.98 ,3206.61 ,86.28B,-1.08%
02/19/2017,3253.43 ,3198.96 ,3264.08 ,3198.96 ,104.69B,1.60%
02/12/2017,3202.08 ,3198.99 ,3238.40 ,3198.99 ,109.37B,0.17%
02/05/2017,3196.70 ,3143.09 ,3205.05 ,3132.03 ,83.14B,1.80%
01/29/2017,3140.17 ,3160.08 ,3162.68 ,3136.01 ,9.22B,-0.60%
01/22/2017,3159.17 ,3125.42 ,3163.10 ,3125.42 ,48.46B,1.15%
01/15/2017,3123.14 ,3104.49 ,3125.66 ,3044.29 ,77.20B,0.33%
01/08/2017,3112.76 ,3148.53 ,3174.58 ,3102.16 ,83.50B,-1.32%
01/01/2017,3154.32 ,3105.31 ,3172.03 ,3105.31 ,66.79B,1.63%
12/25/2016,3103.64 ,3095.58 ,3127.88 ,3068.41 ,69.57B,-0.21%
12/18/2016,3110.15 ,3120.70 ,3143.17 ,3084.80 ,83.23B,-0.41%
12/11/2016,3122.98 ,3233.67 ,3245.09 ,3100.91 ,101.62B,-3.40%
12/04/2016,3232.88 ,3203.78 ,3244.80 ,3189.49 ,92.44B,-0.34%
11/27/2016,3243.84 ,3270.05 ,3301.21 ,3235.28 ,134.33B,-0.55%
11/20/2016,3261.94 ,3188.50 ,3262.88 ,3188.28 ,120.85B,2.16%
11/13/2016,3192.86 ,3187.71 ,3221.46 ,3186.80 ,121.63B,-0.10%
11/06/2016,3196.04 ,3124.89 ,3202.74 ,3096.95 ,116.64B,2.26%
10/30/2016,3125.32 ,3097.19 ,3141.33 ,3081.07 ,91.51B,0.68%
10/23/2016,3104.27 ,3092.05 ,3137.03 ,3090.79 ,97.53B,0.43%
10/16/2016,3090.94 ,3064.69 ,3101.85 ,3033.75 ,87.63B,0.89%
10/09/2016,3063.81 ,3020.46 ,3066.10 ,3014.62 ,77.99B,1.97%
09/25/2016,3004.70 ,3028.24 ,3028.24 ,2969.13 ,58.52B,-0.96%
09/18/2016,3033.90 ,3005.32 ,3054.44 ,3005.32 ,61.88B,1.03%
09/11/2016,3002.85 ,3037.51 ,3040.95 ,2995.42 ,47.48B,-2.47%
09/04/2016,3078.85 ,3070.71 ,3105.68 ,3053.19 ,81.14B,0.37%
08/28/2016,3067.35 ,3068.46 ,3088.70 ,3050.49 ,73.19B,-0.10%
08/21/2016,3070.31 ,3107.38 ,3112.74 ,3041.51 ,81.62B,-1.22%
08/14/2016,3108.10 ,3056.48 ,3140.44 ,3053.87 ,121.35B,1.88%
08/07/2016,3050.67 ,2972.62 ,3051.05 ,2959.05 ,82.05B,2.48%
07/31/2016,2976.70 ,2971.95 ,2991.68 ,2931.96 ,67.98B,-0.09%
07/24/2016,2979.34 ,3008.09 ,3057.42 ,2939.23 ,92.17B,-1.11%
07/17/2016,3012.82 ,3047.64 ,3058.32 ,3007.46 ,79.69B,-1.36%
07/10/2016,3054.30 ,2993.75 ,3069.05 ,2984.42 ,109.05B,2.22%
07/03/2016,2988.09 ,2924.29 ,3024.11 ,2922.52 ,106.13B,1.90%
06/26/2016,2932.48 ,2840.56 ,2944.99 ,2840.28 ,81.95B,2.74%
06/19/2016,2854.29 ,2887.64 ,2919.30 ,2807.60 ,75.85B,-1.07%
06/12/2016,2885.11 ,2897.27 ,2911.16 ,2811.78 ,80.10B,-1.44%
06/05/2016,2927.16 ,2940.99 ,2945.94 ,2908.37 ,41.80B,-0.39%
05/29/2016,2938.68 ,2814.65 ,2945.52 ,2794.66 ,84.17B,4.17%
05/22/2016,2821.05 ,2826.31 ,2848.07 ,2780.76 ,56.01B,-0.16%
05/15/2016,2825.48 ,2816.78 ,2860.32 ,2781.42 ,59.88B,-0.06%
05/08/2016,2827.11 ,2896.16 ,2896.16 ,2781.24 ,68.77B,-2.96%
05/01/2016,2913.25 ,2940.39 ,3004.42 ,2913.04 ,68.57B,-0.85%
04/24/2016,2938.32 ,2949.97 ,2976.02 ,2916.37 ,62.24B,-0.71%
04/17/2016,2959.24 ,3058.46 ,3058.46 ,2905.05 ,94.96B,-3.86%
04/10/2016,3078.12 ,3006.91 ,3097.16 ,3001.32 ,111.06B,3.12%
04/03/2016,2984.96 ,3000.94 ,3062.36 ,2960.46 ,89.78B,-0.82%
03/27/2016,3009.53 ,2988.01 ,3023.41 ,2905.25 ,102.23B,1.01%
03/20/2016,2979.43 ,2978.46 ,3028.32 ,2952.11 ,125.18B,0.82%
03/13/2016,2955.15 ,2830.08 ,2971.55 ,2819.79 ,105.83B,5.15%
03/06/2016,2810.31 ,2886.64 ,2911.84 ,2772.55 ,90.05B,-2.22%
02/28/2016,2874.15 ,2754.81 ,2880.37 ,2638.96 ,126.56B,3.86%
02/21/2016,2767.21 ,2888.60 ,2933.96 ,2715.87 ,110.67B,-3.25%
02/14/2016,2860.02 ,2684.96 ,2893.21 ,2682.09 ,92.47B,3.49%
01/31/2016,2763.49 ,2730.98 ,2793.30 ,2655.62 ,77.44B,0.95%
01/24/2016,2737.60 ,2934.08 ,2955.78 ,2638.30 ,93.74B,-6.14%
01/17/2016,2916.56 ,2847.54 ,3016.28 ,2844.70 ,93.80B,0.54%
01/10/2016,2900.97 ,3131.85 ,3166.22 ,2867.55 ,108.52B,-8.96%
01/03/2016,3186.41 ,3536.59 ,3538.69 ,3056.88 ,104.72B,-9.97%
12/27/2015,3539.18 ,3635.77 ,3641.59 ,3515.52 ,81.74B,-2.45%
12/20/2015,3627.91 ,3568.58 ,3684.57 ,3565.75 ,128.55B,1.37%
12/13/2015,3578.96 ,3403.51 ,3614.70 ,3399.28 ,116.69B,4.20%
12/06/2015,3434.58 ,3529.81 ,3543.95 ,3410.92 ,101.17B,-2.56%
11/29/2015,3524.99 ,3433.86 ,3591.73 ,3327.81 ,139.09B,2.58%
11/22/2015,3436.30 ,3630.87 ,3668.38 ,3412.43 ,149.89B,-5.35%
11/15/2015,3630.50 ,3522.46 ,3678.27 ,3519.42 ,151.61B,1.39%
11/08/2015,3580.84 ,3588.50 ,3673.76 ,3564.81 ,200.13B,-0.26%
11/01/2015,3590.03 ,3337.58 ,3596.38 ,3302.18 ,174.53B,6.13%
10/25/2015,3382.56 ,3448.65 ,3457.52 ,3332.62 ,146.65B,-0.88%
10/18/2015,3412.43 ,3401.63 ,3447.26 ,3265.44 ,182.67B,0.62%
10/11/2015,3391.35 ,3193.54 ,3393.02 ,3188.41 ,169.03B,6.54%
10/04/2015,3183.15 ,3156.07 ,3192.72 ,3133.13 ,46.91B,4.27%
09/27/2015,3052.78 ,3085.57 ,3103.07 ,3021.16 ,46.66B,-1.28%
09/20/2015,3092.35 ,3072.09 ,3213.48 ,3060.86 ,120.02B,-0.18%
09/13/2015,3097.92 ,3221.17 ,3229.48 ,2983.54 ,140.01B,-3.20%
09/06/2015,3200.23 ,3149.38 ,3256.74 ,3011.12 ,142.50B,1.27%
08/30/2015,3160.17 ,3203.56 ,3207.86 ,3019.09 ,126.80B,-2.23%
08/23/2015,3232.35 ,3373.48 ,3388.36 ,2850.71 ,199.71B,-7.85%
08/16/2015,3507.74 ,3947.84 ,4006.34 ,3490.54 ,223.96B,-11.54%
08/09/2015,3965.33 ,3786.03 ,4000.68 ,3775.85 ,237.70B,5.91%
08/02/2015,3744.20 ,3614.99 ,3782.35 ,3549.50 ,170.81B,2.20%
07/26/2015,3663.73 ,3985.57 ,4051.16 ,3537.36 ,236.26B,-10.00%
07/19/2015,4070.91 ,3948.42 ,4184.45 ,3912.80 ,275.51B,2.87%
07/12/2015,3957.35 ,3918.99 ,4035.43 ,3688.44 ,288.93B,2.05%
07/05/2015,3877.80 ,3975.21 ,3975.21 ,3373.54 ,345.36B,5.18%
06/28/2015,3686.92 ,4289.77 ,4317.05 ,3629.56 ,311.59B,-12.07%
06/21/2015,4192.87 ,4471.61 ,4720.70 ,4139.53 ,215.45B,-6.37%
06/14/2015,4478.36 ,5174.42 ,5176.79 ,4476.50 ,268.58B,-13.32%
06/07/2015,5166.35 ,5045.69 ,5178.19 ,4997.48 ,337.15B,2.85%
05/31/2015,5023.10 ,4633.10 ,5051.63 ,4615.23 ,327.58B,8.92%
05/24/2015,4611.74 ,4660.07 ,4986.50 ,4431.56 ,346.27B,-0.98%
05/17/2015,4657.60 ,4277.89 ,4658.27 ,4260.51 ,245.15B,8.10%
05/10/2015,4308.69 ,4231.27 ,4415.63 ,4187.82 ,240.99B,2.44%
05/03/2015,4205.92 ,4441.34 ,4488.87 ,4099.04 ,234.08B,-5.31%
04/26/2015,4441.66 ,4441.93 ,4572.39 ,4398.64 ,248.53B,1.09%
04/19/2015,4393.69 ,4301.35 ,4444.41 ,4188.57 ,346.78B,2.48%
04/12/2015,4287.30 ,4072.72 ,4317.22 ,4031.24 ,306.65B,6.27%
04/05/2015,4034.31 ,3899.42 ,4040.35 ,3891.73 ,225.80B,4.41%
03/29/2015,3863.93 ,3710.61 ,3864.40 ,3710.61 ,252.62B,4.68%
03/22/2015,3691.10 ,3640.10 ,3715.87 ,3600.70 ,259.51B,2.04%
03/15/2015,3617.32 ,3391.16 ,3632.34 ,3377.09 ,251.93B,7.25%
03/08/2015,3372.91 ,3224.31 ,3391.26 ,3198.37 ,157.60B,4.06%
03/01/2015,3241.19 ,3332.72 ,3336.76 ,3221.67 ,162.57B,-2.09%
02/22/2015,3310.30 ,3256.48 ,3324.55 ,3202.19 ,83.38B,1.95%
02/15/2015,3246.91 ,3206.14 ,3255.73 ,3195.88 ,45.21B,1.34%
02/08/2015,3203.83 ,3063.51 ,3237.16 ,3049.11 ,102.86B,4.16%
02/01/2015,3075.91 ,3148.14 ,3251.21 ,3052.94 ,130.10B,-4.19%
01/25/2015,3210.36 ,3347.26 ,3390.22 ,3210.31 ,152.70B,-4.22%
01/18/2015,3351.76 ,3189.73 ,3406.79 ,3095.07 ,188.88B,-0.73%
01/11/2015,3376.49 ,3258.21 ,3400.32 ,3191.58 ,141.54B,2.77%
01/04/2015,3285.41 ,3258.63 ,3404.83 ,3253.88 ,220.63B,1.57%
12/28/2014,3234.68 ,3212.56 ,3239.36 ,3126.94 ,131.38B,2.44%
12/21/2014,3157.60 ,3129.27 ,3189.87 ,2934.91 ,233.16B,1.58%
12/14/2014,3108.60 ,2921.45 ,3117.53 ,2890.90 ,235.37B,5.80%
12/07/2014,2938.17 ,2907.82 ,3091.32 ,2807.68 ,276.46B,0.02%
11/30/2014,2937.65 ,2691.72 ,2978.03 ,2665.69 ,261.98B,9.50%
11/23/2014,2682.83 ,2505.53 ,2683.18 ,2495.52 ,184.49B,7.88%
11/16/2014,2486.79 ,2506.86 ,2508.77 ,2437.48 ,98.07B,0.32%
11/09/2014,2478.82 ,2436.63 ,2508.62 ,2428.19 ,148.11B,2.51%
11/02/2014,2418.17 ,2425.22 ,2454.42 ,2401.75 ,138.46B,-0.08%
10/26/2014,2420.18 ,2293.57 ,2423.60 ,2279.84 ,119.49B,5.12%
10/19/2014,2302.28 ,2346.05 ,2361.65 ,2296.66 ,77.64B,-1.66%
10/12/2014,2341.18 ,2366.43 ,2389.67 ,2312.83 ,106.10B,-1.40%
10/05/2014,2374.54 ,2368.58 ,2391.35 ,2354.29 ,66.50B,0.45%
09/28/2014,2363.87 ,2353.71 ,2365.49 ,2346.58 ,39.40B,0.69%
09/21/2014,2347.72 ,2323.55 ,2365.15 ,2284.38 ,95.57B,0.78%
09/14/2014,2329.45 ,2330.19 ,2347.93 ,2282.79 ,109.24B,-0.11%
09/07/2014,2331.95 ,2328.43 ,2343.59 ,2302.77 ,80.25B,0.24%
08/31/2014,2326.43 ,2220.13 ,2327.56 ,2217.68 ,94.64B,4.93%
08/24/2014,2217.20 ,2241.10 ,2241.55 ,2193.26 ,67.59B,-1.05%
08/17/2014,2240.81 ,2229.80 ,2248.94 ,2211.63 ,83.52B,0.63%
08/10/2014,2226.73 ,2199.43 ,2230.99 ,2198.31 ,80.36B,1.47%
08/03/2014,2194.42 ,2190.04 ,2226.84 ,2180.60 ,83.76B,0.42%
07/27/2014,2185.30 ,2135.25 ,2218.79 ,2135.25 ,97.75B,2.76%
07/20/2014,2126.61 ,2057.77 ,2127.22 ,2049.18 ,66.25B,3.28%
07/13/2014,2059.07 ,2047.74 ,2075.49 ,2044.90 ,58.79B,0.59%
07/06/2014,2046.96 ,2058.13 ,2064.43 ,2033.00 ,50.86B,-0.60%
06/29/2014,2059.37 ,2038.61 ,2066.64 ,2038.53 ,53.26B,1.12%
06/22/2014,2036.51 ,2026.23 ,2043.98 ,2018.36 ,38.78B,0.49%
06/15/2014,2026.67 ,2070.70 ,2087.32 ,2010.53 ,43.11B,-2.13%
06/08/2014,2070.71 ,2024.94 ,2073.60 ,2023.20 ,39.77B,2.01%
06/01/2014,2029.96 ,2039.20 ,2049.58 ,2012.91 ,27.80B,-0.45%
05/25/2014,2039.21 ,2042.03 ,2057.08 ,2029.34 ,37.56B,0.23%
05/18/2014,2034.57 ,2023.01 ,2041.96 ,1991.06 ,32.67B,0.40%
05/11/2014,2026.50 ,2022.93 ,2061.06 ,2012.69 ,42.72B,0.76%
05/04/2014,2011.13 ,2022.18 ,2038.70 ,2001.30 ,38.30B,-0.75%
04/27/2014,2026.36 ,2033.34 ,2035.99 ,1997.64 ,24.05B,-0.50%
04/20/2014,2036.52 ,2085.98 ,2103.08 ,2035.57 ,44.49B,-2.92%
04/13/2014,2097.75 ,2127.41 ,2134.43 ,2081.18 ,47.70B,-1.54%
04/06/2014,2130.54 ,2054.53 ,2146.67 ,2052.90 ,52.73B,3.48%
03/30/2014,2058.83 ,2043.05 ,2066.01 ,2024.19 ,47.21B,0.84%
03/23/2014,2041.71 ,2050.83 ,2079.55 ,2035.24 ,62.30B,-0.29%
03/16/2014,2047.62 ,2009.88 ,2052.47 ,1986.07 ,53.30B,2.16%
03/09/2014,2004.34 ,2042.35 ,2042.63 ,1974.38 ,49.85B,-2.60%
03/02/2014,2057.91 ,2052.08 ,2079.49 ,2030.95 ,56.41B,0.08%
02/23/2014,2056.30 ,2099.72 ,2099.72 ,2014.38 ,61.76B,-2.72%
02/16/2014,2113.69 ,2124.88 ,2177.98 ,2098.33 ,70.91B,-0.10%
02/09/2014,2115.85 ,2049.98 ,2122.83 ,2049.98 ,65.09B,3.49%
02/02/2014,2044.50 ,2022.32 ,2044.73 ,2014.70 ,7.36B,0.56%
01/26/2014,2033.08 ,2044.27 ,2051.58 ,2026.99 ,29.78B,-1.04%
01/19/2014,2054.39 ,2001.89 ,2060.99 ,1984.82 ,39.22B,2.47%
01/12/2014,2004.95 ,2014.98 ,2034.71 ,2000.40 ,34.44B,-0.41%
01/05/2014,2013.30 ,2078.68 ,2078.68 ,2008.01 ,37.62B,-3.35%
12/29/2013,2083.14 ,2108.88 ,2120.27 ,2075.90 ,30.75B,-0.86%
12/22/2013,2101.25 ,2089.54 ,2111.81 ,2068.54 ,35.88B,0.79%
12/15/2013,2084.79 ,2197.23 ,2201.70 ,2082.85 ,40.40B,-5.07%
12/08/2013,2196.07 ,2241.79 ,2250.50 ,2183.84 ,48.30B,-1.83%
12/01/2013,2237.11 ,2203.12 ,2260.87 ,2172.63 ,67.08B,0.75%
11/24/2013,2220.50 ,2186.06 ,2234.39 ,2176.18 ,56.55B,1.10%
11/17/2013,2196.38 ,2147.37 ,2211.07 ,2143.77 ,65.27B,2.83%
11/10/2013,2135.83 ,2103.30 ,2153.21 ,2078.99 ,44.71B,1.41%
11/03/2013,2106.13 ,2156.09 ,2166.17 ,2103.51 ,43.35B,-2.02%
10/27/2013,2149.56 ,2135.88 ,2163.66 ,2093.20 ,54.83B,0.78%
10/20/2013,2132.96 ,2198.11 ,2230.28 ,2122.68 ,64.91B,-2.77%
10/13/2013,2193.78 ,2232.22 ,2242.98 ,2183.25 ,70.48B,-1.54%
10/06/2013,2228.15 ,2171.90 ,2228.87 ,2161.49 ,56.43B,2.46%
09/29/2013,2174.66 ,2167.73 ,2176.30 ,2165.16 ,9.28B,0.68%
09/22/2013,2160.03 ,2199.36 ,2223.07 ,2149.59 ,69.96B,-1.45%
09/15/2013,2191.85 ,2244.46 ,2248.47 ,2172.04 ,42.45B,-1.98%
09/08/2013,2236.22 ,2151.35 ,2270.27 ,2151.35 ,108.27B,4.50%
09/01/2013,2139.99 ,2104.09 ,2143.24 ,2078.46 ,69.99B,1.98%
08/25/2013,2098.38 ,2061.42 ,2114.39 ,2056.13 ,71.10B,1.99%
08/18/2013,2057.46 ,2055.13 ,2098.98 ,2029.36 ,49.56B,-0.53%
08/11/2013,2068.45 ,2058.42 ,2198.85 ,2055.72 ,61.97B,0.79%
08/04/2013,2052.23 ,2031.72 ,2069.56 ,2025.23 ,47.83B,1.12%
07/28/2013,2029.42 ,1997.84 ,2047.08 ,1965.36 ,41.09B,0.92%
07/21/2013,2010.85 ,1977.73 ,2051.53 ,1970.64 ,47.14B,0.91%
07/14/2013,1992.65 ,2046.12 ,2076.66 ,1990.25 ,49.82B,-2.30%
07/07/2013,2039.49 ,1983.21 ,2092.87 ,1946.37 ,51.96B,1.61%
06/30/2013,2007.20 ,1965.99 ,2022.14 ,1957.57 ,44.97B,1.41%
06/23/2013,1979.21 ,2068.86 ,2068.86 ,1849.65 ,55.51B,-4.53%
06/16/2013,2073.10 ,2165.99 ,2169.36 ,2042.88 ,37.83B,-4.11%
06/09/2013,2162.04 ,2190.10 ,2190.10 ,2126.22 ,17.22B,-2.21%
06/02/2013,2210.90 ,2300.21 ,2313.43 ,2205.07 ,44.68B,-3.90%
05/26/2013,2300.59 ,2286.66 ,2334.33 ,2281.47 ,58.53B,0.53%
05/19/2013,2288.53 ,2286.33 ,2314.18 ,2270.25 ,61.71B,0.25%
05/12/2013,2282.87 ,2247.68 ,2288.09 ,2205.87 ,47.76B,1.60%
05/05/2013,2246.83 ,2212.49 ,2255.21 ,2212.49 ,45.80B,1.87%
04/28/2013,2205.50 ,2170.78 ,2222.81 ,2161.14 ,15.69B,1.27%
04/21/2013,2177.91 ,2236.40 ,2245.12 ,2173.86 ,45.68B,-2.97%
04/14/2013,2244.64 ,2199.91 ,2250.11 ,2165.78 ,40.12B,1.72%
04/07/2013,2206.78 ,2196.24 ,2242.48 ,2180.67 ,39.03B,-0.83%
03/31/2013,2225.30 ,2229.46 ,2253.42 ,2217.25 ,24.89B,-0.51%
03/24/2013,2236.62 ,2334.73 ,2344.89 ,2228.81 ,51.10B,-3.94%
03/17/2013,2328.28 ,2267.29 ,2332.00 ,2232.02 ,53.23B,2.19%
03/10/2013,2278.40 ,2314.68 ,2333.29 ,2250.01 ,48.95B,-1.73%
03/03/2013,2318.61 ,2332.08 ,2352.02 ,2259.25 ,67.28B,-1.73%
02/24/2013,2359.51 ,2320.62 ,2369.65 ,2289.89 ,55.11B,1.96%
02/17/2013,2314.16 ,2441.91 ,2444.80 ,2308.76 ,59.10B,-4.86%
02/03/2013,2432.40 ,2425.92 ,2443.03 ,2394.22 ,66.40B,0.55%
01/27/2013,2419.02 ,2295.35 ,2421.15 ,2295.35 ,70.06B,5.57%
01/20/2013,2291.30 ,2321.49 ,2362.94 ,2287.30 ,65.60B,-1.11%
01/13/2013,2317.07 ,2236.29 ,2332.78 ,2235.11 ,70.84B,3.30%
01/06/2013,2243.00 ,2271.66 ,2295.48 ,2234.95 ,60.82B,-1.49%
12/30/2012,2276.99 ,2236.46 ,2296.11 ,2236.46 ,26.75B,1.96%
12/23/2012,2233.25 ,2150.65 ,2234.87 ,2146.86 ,58.86B,3.71%
12/16/2012,2153.31 ,2152.10 ,2190.40 ,2142.95 ,56.75B,0.12%
12/09/2012,2150.63 ,2067.32 ,2152.50 ,2059.47 ,52.05B,4.31%
12/02/2012,2061.79 ,1977.25 ,2065.74 ,1949.46 ,44.06B,4.12%
11/25/2012,1980.12 ,2023.34 ,2027.27 ,1959.33 ,25.83B,-2.33%
11/18/2012,2027.38 ,2013.25 ,2034.88 ,1995.17 ,23.83B,0.63%
11/11/2012,2014.72 ,2069.21 ,2079.57 ,2001.72 ,26.60B,-2.63%
11/04/2012,2069.07 ,2113.33 ,2123.33 ,2062.42 ,32.31B,-2.27%
10/28/2012,2117.05 ,2061.85 ,2119.22 ,2053.09 ,33.32B,2.46%
10/21/2012,2066.21 ,2118.52 ,2138.03 ,2058.06 ,36.97B,-2.92%
10/14/2012,2128.30 ,2105.02 ,2137.69 ,2085.11 ,32.65B,1.11%
10/07/2012,2104.93 ,2084.85 ,2127.31 ,2063.09 ,36.14B,0.90%
09/23/2012,2086.17 ,2015.77 ,2089.63 ,1999.48 ,31.24B,2.93%
09/16/2012,2026.69 ,2120.62 ,2121.58 ,2018.26 ,31.02B,-4.57%
09/09/2012,2123.85 ,2128.07 ,2140.17 ,2107.22 ,43.84B,-0.18%
09/02/2012,2127.76 ,2044.82 ,2145.00 ,2029.05 ,37.18B,3.92%
08/26/2012,2047.52 ,2085.37 ,2085.37 ,2032.54 ,27.51B,-2.13%
08/19/2012,2092.10 ,2102.23 ,2124.19 ,2089.02 ,28.46B,-1.08%
08/12/2012,2114.89 ,2164.04 ,2164.04 ,2100.79 ,28.31B,-2.49%
08/05/2012,2168.81 ,2129.15 ,2176.80 ,2127.26 ,36.07B,1.69%
07/29/2012,2132.80 ,2128.16 ,2137.74 ,2100.25 ,26.61B,0.19%
07/22/2012,2128.76 ,2154.17 ,2158.95 ,2120.63 ,26.36B,-1.84%
07/15/2012,2168.64 ,2187.89 ,2197.79 ,2138.79 ,33.29B,-0.79%
07/08/2012,2185.89 ,2210.71 ,2216.70 ,2152.67 ,33.24B,-1.70%
07/01/2012,2223.58 ,2234.32 ,2244.83 ,2185.52 ,31.47B,-0.08%
06/24/2012,2225.43 ,2253.51 ,2253.51 ,2188.72 ,27.94B,-1.57%
06/17/2012,2260.88 ,2313.53 ,2325.05 ,2253.79 ,23.38B,-1.99%
06/10/2012,2306.85 ,2282.89 ,2319.71 ,2278.16 ,34.29B,1.11%
06/03/2012,2281.45 ,2346.98 ,2348.20 ,2276.71 ,34.29B,-3.88%
05/27/2012,2373.44 ,2325.32 ,2393.28 ,2309.07 ,45.68B,1.71%
05/20/2012,2333.55 ,2343.58 ,2378.08 ,2327.41 ,38.91B,-0.47%
05/13/2012,2344.52 ,2408.26 ,2411.27 ,2338.24 ,42.17B,-2.11%
05/06/2012,2394.98 ,2441.76 ,2451.95 ,2393.38 ,46.81B,-2.33%
04/29/2012,2452.01 ,2421.08 ,2453.73 ,2407.79 ,33.25B,2.32%
04/22/2012,2396.32 ,2403.52 ,2415.75 ,2350.40 ,59.44B,-0.44%
04/15/2012,2406.86 ,2346.31 ,2407.29 ,2333.34 ,48.84B,2.02%
04/08/2012,2359.16 ,2300.05 ,2369.70 ,2258.85 ,39.87B,2.28%
04/01/2012,2306.55 ,2258.03 ,2309.64 ,2251.39 ,15.22B,1.93%
03/25/2012,2262.79 ,2349.09 ,2363.77 ,2242.34 ,33.62B,-3.69%
03/18/2012,2349.54 ,2401.22 ,2412.34 ,2342.12 ,45.20B,-2.30%
03/11/2012,2404.74 ,2438.55 ,2476.22 ,2366.02 ,61.44B,-1.42%
03/04/2012,2439.46 ,2464.85 ,2469.84 ,2388.52 ,50.86B,-0.86%
02/26/2012,2460.69 ,2447.41 ,2478.38 ,2418.33 ,55.03B,0.86%
02/19/2012,2439.63 ,2383.69 ,2439.98 ,2345.05 ,53.44B,3.50%
02/12/2012,2357.18 ,2332.05 ,2374.28 ,2325.03 ,42.52B,0.22%
02/05/2012,2351.98 ,2334.25 ,2368.98 ,2278.82 ,42.47B,0.93%
01/29/2012,2330.40 ,2324.49 ,2336.27 ,2263.34 ,30.31B,0.49%
01/15/2012,2319.12 ,2230.43 ,2322.89 ,2196.12 ,36.60B,3.32%
01/08/2012,2244.58 ,2164.74 ,2295.22 ,2148.45 ,41.38B,3.75%
01/01/2012,2163.39 ,2212.00 ,2217.52 ,2132.63 ,15.86B,-1.64%
12/25/2011,2199.42 ,2193.66 ,2213.45 ,2134.02 ,23.57B,-0.24%
12/18/2011,2204.78 ,2208.07 ,2239.86 ,2149.42 ,27.29B,-0.90%
12/11/2011,2224.84 ,2312.15 ,2315.81 ,2170.75 ,25.63B,-3.91%
12/04/2011,2315.27 ,2363.11 ,2363.13 ,2302.64 ,23.12B,-1.92%
11/27/2011,2360.66 ,2383.89 ,2423.56 ,2319.44 ,33.63B,-0.82%
11/20/2011,2380.22 ,2416.73 ,2419.24 ,2370.69 ,24.97B,-1.50%
11/13/2011,2416.56 ,2498.67 ,2534.06 ,2411.04 ,39.24B,-2.60%
11/06/2011,2481.08 ,2518.90 ,2536.18 ,2472.76 ,38.90B,-1.87%
10/30/2011,2528.29 ,2470.25 ,2536.78 ,2433.72 ,51.70B,2.22%
10/23/2011,2473.41 ,2322.02 ,2483.76 ,2307.15 ,46.17B,6.74%
10/16/2011,2317.28 ,2434.49 ,2452.99 ,2313.78 ,31.02B,-4.69%
10/09/2011,2431.37 ,2363.08 ,2439.64 ,2318.63 ,34.58B,3.06%
09/25/2011,2359.22 ,2416.23 ,2441.73 ,2348.22 ,27.64B,-3.04%
09/18/2011,2433.16 ,2469.60 ,2517.67 ,2400.14 ,32.37B,-1.98%
09/11/2011,2482.34 ,2467.73 ,2499.48 ,2439.37 ,20.80B,-0.62%
09/04/2011,2497.75 ,2510.10 ,2528.42 ,2459.54 ,27.04B,-1.21%
08/28/2011,2528.28 ,2595.47 ,2615.14 ,2517.62 ,32.05B,-3.21%
08/21/2011,2612.19 ,2534.57 ,2616.64 ,2507.78 ,37.00B,3.07%
08/14/2011,2534.36 ,2598.14 ,2636.36 ,2513.75 ,38.56B,-2.27%
08/07/2011,2593.17 ,2599.29 ,2614.19 ,2437.68 ,50.72B,-1.27%
07/31/2011,2626.42 ,2697.57 ,2712.89 ,2605.14 ,33.04B,-2.79%
07/24/2011,2701.73 ,2759.63 ,2759.63 ,2677.12 ,41.85B,-2.49%
07/17/2011,2770.79 ,2821.36 ,2826.96 ,2763.42 ,43.69B,-1.75%
07/10/2011,2820.17 ,2789.45 ,2821.34 ,2752.19 ,48.66B,0.80%
07/03/2011,2797.77 ,2770.94 ,2825.12 ,2770.94 ,53.79B,1.39%
06/26/2011,2759.36 ,2746.79 ,2778.67 ,2727.25 ,46.11B,0.48%
06/19/2011,2746.21 ,2635.83 ,2759.71 ,2610.99 ,38.27B,3.91%
06/12/2011,2642.82 ,2687.65 ,2735.55 ,2641.39 ,35.64B,-2.30%
06/05/2011,2705.14 ,2720.97 ,2754.12 ,2672.32 ,29.62B,-0.84%
05/29/2011,2728.02 ,2704.48 ,2744.93 ,2676.54 ,35.56B,0.67%
05/22/2011,2709.95 ,2853.29 ,2853.29 ,2708.55 ,40.91B,-5.20%
05/15/2011,2858.46 ,2864.38 ,2884.14 ,2821.20 ,40.40B,-0.44%
05/08/2011,2871.03 ,2868.24 ,2897.14 ,2832.25 ,44.88B,0.25%
05/01/2011,2863.89 ,2911.51 ,2933.46 ,2834.46 ,39.00B,-1.64%
04/24/2011,2911.51 ,3003.03 ,3003.61 ,2871.01 ,51.07B,-3.29%
04/17/2011,3010.52 ,3040.53 ,3067.46 ,2992.67 ,63.92B,-1.31%
04/10/2011,3050.53 ,3037.91 ,3062.53 ,2994.47 ,67.94B,0.68%
04/03/2011,3030.02 ,2964.21 ,3031.10 ,2963.90 ,38.07B,2.11%
03/27/2011,2967.41 ,2985.36 ,3005.78 ,2914.38 ,65.98B,-0.35%
03/20/2011,2977.81 ,2913.91 ,2985.08 ,2884.75 ,54.98B,2.44%
03/13/2011,2906.89 ,2923.98 ,2939.65 ,2850.94 ,64.11B,-0.92%
03/06/2011,2933.80 ,2952.72 ,3012.04 ,2927.68 ,65.14B,-0.29%
02/27/2011,2942.31 ,2880.17 ,2944.46 ,2861.82 ,65.75B,2.21%
02/20/2011,2878.57 ,2886.54 ,2944.41 ,2839.20 ,59.28B,-0.73%
02/13/2011,2899.79 ,2828.57 ,2939.28 ,2828.57 ,67.87B,2.56%
02/06/2011,2827.33 ,2778.70 ,2835.41 ,2760.18 ,29.29B,1.01%
01/30/2011,2798.96 ,2751.53 ,2805.05 ,2748.54 ,16.49B,1.68%
01/23/2011,2752.75 ,2716.52 ,2759.44 ,2661.45 ,40.92B,1.38%
01/16/2011,2715.29 ,2772.45 ,2780.94 ,2667.29 ,41.31B,-2.72%
01/09/2011,2791.34 ,2832.62 ,2847.36 ,2770.34 ,40.22B,-1.67%
01/02/2011,2838.80 ,2825.33 ,2868.01 ,2807.87 ,41.23B,1.09%
12/26/2010,2808.08 ,2842.81 ,2876.81 ,2721.48 ,40.26B,-0.96%
12/19/2010,2835.16 ,2901.47 ,2917.20 ,2804.56 ,48.91B,-2.02%
12/12/2010,2893.74 ,2850.33 ,2939.05 ,2847.66 ,52.06B,1.85%
12/05/2010,2841.04 ,2850.38 ,2884.53 ,2792.52 ,43.84B,-0.05%
11/28/2010,2842.43 ,2861.15 ,2881.16 ,2758.92 ,51.08B,-1.02%
11/21/2010,2871.70 ,2861.61 ,2904.97 ,2791.58 ,60.21B,-0.58%
11/14/2010,2888.57 ,2984.87 ,3016.13 ,2806.64 ,67.40B,-3.24%
11/07/2010,2985.43 ,3140.40 ,3186.72 ,2975.16 ,102.63B,-4.60%
10/31/2010,3129.50 ,2986.89 ,3142.59 ,2986.89 ,98.99B,5.06%
10/24/2010,2978.83 ,2979.71 ,3073.38 ,2955.48 ,85.78B,0.13%
10/17/2010,2975.04 ,2985.46 ,3041.15 ,2931.91 ,95.03B,0.13%
10/10/2010,2971.16 ,2755.03 ,2971.16 ,2755.03 ,102.63B,8.49%
10/03/2010,2738.74 ,2681.25 ,2747.80 ,2677.99 ,13.58B,3.13%
09/26/2010,2655.66 ,2600.54 ,2656.00 ,2597.14 ,34.82B,2.47%
09/19/2010,2591.55 ,2601.48 ,2607.35 ,2573.63 ,13.76B,-0.27%
09/12/2010,2598.69 ,2665.66 ,2703.78 ,2583.34 ,56.28B,-2.42%
09/05/2010,2663.21 ,2667.20 ,2704.93 ,2628.83 ,61.60B,0.29%
08/29/2010,2655.39 ,2622.27 ,2662.88 ,2604.49 ,60.21B,1.71%
08/22/2010,2610.74 ,2637.82 ,2667.17 ,2588.64 ,45.59B,-1.19%
08/15/2010,2642.31 ,2603.79 ,2701.93 ,2596.77 ,62.94B,1.37%
08/08/2010,2606.70 ,2656.36 ,2676.09 ,2564.84 ,51.54B,-1.94%
08/01/2010,2658.39 ,2635.81 ,2681.78 ,2589.99 ,58.75B,0.79%
07/25/2010,2637.50 ,2576.37 ,2656.41 ,2556.47 ,54.28B,2.55%
07/18/2010,2572.03 ,2399.58 ,2579.52 ,2392.27 ,54.20B,6.10%
07/11/2010,2424.27 ,2468.54 ,2501.02 ,2389.07 ,39.85B,-1.89%
07/04/2010,2470.92 ,2358.76 ,2485.60 ,2335.57 ,30.58B,3.69%
06/27/2010,2382.90 ,2550.65 ,2561.49 ,2319.74 ,29.05B,-6.66%
06/20/2010,2552.82 ,2517.29 ,2598.35 ,2504.32 ,29.99B,1.58%
06/13/2010,2513.22 ,2588.97 ,2595.51 ,2505.33 ,12.22B,-2.21%
06/06/2010,2569.94 ,2508.33 ,2590.98 ,2491.65 ,36.59B,0.64%
05/30/2010,2553.59 ,2647.87 ,2665.39 ,2521.06 ,34.43B,-3.85%
05/23/2010,2655.77 ,2596.32 ,2686.54 ,2583.55 ,44.93B,2.80%
05/16/2010,2583.52 ,2663.88 ,2663.88 ,2481.97 ,38.71B,-4.19%
05/09/2010,2696.63 ,2690.86 ,2751.07 ,2604.20 ,40.87B,0.31%
05/02/2010,2688.38 ,2821.35 ,2862.55 ,2665.81 ,34.61B,-6.35%
04/25/2010,2870.61 ,2988.08 ,2996.83 ,2820.95 ,45.92B,-3.79%
04/18/2010,2983.54 ,3096.78 ,3096.78 ,2941.35 ,57.26B,-4.69%
04/11/2010,3130.30 ,3151.89 ,3181.66 ,3101.48 ,57.56B,-0.48%
04/04/2010,3145.35 ,3170.61 ,3177.97 ,3110.26 ,44.04B,-0.40%
03/28/2010,3157.96 ,3076.05 ,3159.60 ,3071.69 ,58.50B,3.21%
03/21/2010,3059.72 ,3069.66 ,3083.34 ,3009.91 ,46.19B,-0.26%
03/14/2010,3067.75 ,3010.72 ,3069.66 ,2963.44 ,39.03B,1.80%
03/07/2010,3013.41 ,3036.41 ,3085.99 ,3011.97 ,40.93B,-0.58%
02/28/2010,3031.07 ,3057.01 ,3102.40 ,3011.09 ,55.22B,-0.68%
02/21/2010,3051.94 ,3016.70 ,3067.53 ,2938.75 ,46.28B,1.12%
02/07/2010,3018.13 ,2936.45 ,3018.86 ,2922.19 ,29.39B,2.68%
01/31/2010,2939.40 ,2981.37 ,3015.13 ,2890.02 ,46.88B,-1.67%
01/24/2010,2989.29 ,3103.32 ,3137.00 ,2963.89 ,40.23B,-4.45%
01/17/2010,3128.59 ,3213.64 ,3268.81 ,3062.63 ,67.53B,-2.96%
01/10/2010,3224.15 ,3301.61 ,3306.75 ,3165.49 ,69.18B,0.88%
01/03/2010,3196.00 ,3289.75 ,3295.87 ,3149.02 ,58.62B,-2.48%
12/27/2009,3277.14 ,3148.86 ,3282.21 ,3148.86 ,43.98B,4.32%
12/20/2009,3141.35 ,3108.07 ,3156.53 ,3039.86 ,42.67B,0.88%
12/13/2009,3113.89 ,3246.95 ,3315.03 ,3108.03 ,53.11B,-4.11%
12/06/2009,3247.32 ,3313.06 ,3334.01 ,3225.56 ,57.79B,-2.10%
11/29/2009,3317.04 ,3114.29 ,3319.13 ,3114.29 ,85.44B,7.13%
11/22/2009,3096.26 ,3312.97 ,3361.39 ,3080.89 ,97.56B,-6.41%
11/15/2009,3308.35 ,3206.43 ,3332.53 ,3206.43 ,87.58B,3.79%
11/08/2009,3187.65 ,3162.15 ,3211.11 ,3127.50 ,69.76B,0.75%
11/01/2009,3164.04 ,2933.82 ,3183.57 ,2923.53 ,74.22B,5.61%
10/25/2009,2995.85 ,3114.29 ,3123.36 ,2952.01 ,55.18B,-3.60%
10/18/2009,3107.85 ,2974.64 ,3123.46 ,2962.31 ,64.14B,4.41%
10/11/2009,2976.63 ,2927.02 ,3014.26 ,2886.96 ,48.87B,2.23%
10/04/2009,2911.72 ,2840.13 ,2912.55 ,2834.62 ,8.55B,4.76%
09/27/2009,2779.43 ,2844.37 ,2857.95 ,2712.30 ,21.03B,-2.09%
09/20/2009,2838.84 ,2937.93 ,2982.89 ,2783.11 ,54.56B,-4.18%
09/13/2009,2962.67 ,2990.93 ,3068.03 ,2940.83 ,76.44B,-0.91%
09/06/2009,2989.79 ,2877.62 ,2999.33 ,2831.85 ,61.90B,4.48%
08/30/2009,2861.61 ,2817.63 ,2875.98 ,2639.76 ,55.90B,0.03%
08/23/2009,2860.69 ,2982.19 ,3004.90 ,2823.64 ,65.83B,-3.38%
08/16/2009,2960.77 ,2994.87 ,3020.26 ,2761.39 ,58.26B,-2.83%
08/09/2009,3046.97 ,3287.76 ,3307.89 ,3039.30 ,60.76B,-6.55%
08/02/2009,3260.69 ,3429.69 ,3478.01 ,3244.10 ,94.28B,-4.44%
07/26/2009,3412.06 ,3377.72 ,3454.02 ,3174.21 ,106.94B,1.17%
07/19/2009,3372.60 ,3203.89 ,3398.05 ,3192.90 ,92.08B,5.73%
07/12/2009,3189.74 ,3098.96 ,3221.07 ,3076.30 ,87.01B,2.43%
07/05/2009,3113.93 ,3091.48 ,3140.04 ,3011.21 ,84.60B,0.83%
06/28/2009,3088.37 ,2930.31 ,3088.86 ,2918.39 ,71.40B,5.47%
06/21/2009,2928.21 ,2900.57 ,2946.90 ,2841.90 ,66.12B,1.66%
06/14/2009,2880.49 ,2743.03 ,2886.50 ,2727.74 ,61.23B,4.98%
06/07/2009,2743.76 ,2753.34 ,2828.74 ,2721.85 ,67.29B,-0.37%
05/31/2009,2753.89 ,2668.40 ,2791.65 ,2668.40 ,77.75B,4.59%
05/24/2009,2632.93 ,2555.34 ,2635.31 ,2538.62 ,32.97B,1.36%
05/17/2009,2597.60 ,2632.57 ,2688.11 ,2578.59 ,64.28B,-1.80%
05/10/2009,2645.26 ,2646.29 ,2670.21 ,2558.96 ,68.27B,0.75%
05/03/2009,2625.64 ,2486.68 ,2634.06 ,2486.22 ,81.62B,5.98%
04/26/2009,2477.57 ,2443.44 ,2491.07 ,2372.34 ,46.55B,1.18%
04/19/2009,2448.59 ,2500.17 ,2579.22 ,2422.79 ,74.64B,-2.21%
04/12/2009,2503.93 ,2468.08 ,2549.31 ,2464.06 ,88.54B,2.44%
04/05/2009,2444.23 ,2422.10 ,2449.54 ,2331.88 ,54.17B,1.01%
03/29/2009,2419.78 ,2377.96 ,2456.81 ,2299.16 ,82.11B,1.91%
03/22/2009,2374.44 ,2286.25 ,2392.77 ,2274.89 ,81.27B,4.09%
03/15/2009,2281.09 ,2122.41 ,2294.12 ,2108.61 ,64.75B,7.15%
03/08/2009,2128.85 ,2205.75 ,2232.67 ,2086.02 ,48.27B,-2.93%
03/01/2009,2193.01 ,2066.23 ,2241.76 ,2037.02 ,64.64B,5.29%
02/22/2009,2082.85 ,2249.29 ,2313.59 ,2064.92 ,76.81B,-7.90%
02/15/2009,2261.48 ,2338.76 ,2402.81 ,2190.47 ,83.08B,-2.56%
02/08/2009,2320.79 ,2211.32 ,2323.12 ,2191.89 ,94.79B,6.40%
02/01/2009,2181.24 ,2008.13 ,2185.09 ,1987.13 ,69.72B,9.57%
01/18/2009,1990.66 ,1971.00 ,2018.51 ,1956.10 ,44.55B,1.85%
01/11/2009,1954.44 ,1897.70 ,1984.73 ,1861.81 ,49.44B,2.60%
01/04/2009,1904.86 ,1849.02 ,1948.23 ,1844.09 ,41.02B,4.62%
12/28/2008,1820.81 ,1846.30 ,1862.94 ,1814.75 ,16.19B,-1.66%
12/21/2008,1851.52 ,2016.45 ,2016.45 ,1832.36 ,37.81B,-8.27%
12/14/2008,2018.46 ,1977.03 ,2038.66 ,1907.83 ,45.15B,3.29%
12/07/2008,1954.21 ,2049.16 ,2100.81 ,1932.27 ,66.84B,-3.19%
11/30/2008,2018.66 ,1865.74 ,2055.21 ,1838.10 ,61.55B,7.88%
11/23/2008,1871.16 ,1961.21 ,2022.48 ,1856.29 ,41.93B,-4.99%
11/16/2008,1969.39 ,1981.26 ,2050.88 ,1883.84 ,68.03B,-0.86%
11/09/2008,1986.44 ,1782.31 ,1987.26 ,1782.31 ,49.95B,13.66%
11/02/2008,1747.71 ,1713.76 ,1788.26 ,1678.96 ,22.79B,1.09%
10/26/2008,1728.79 ,1809.22 ,1809.22 ,1664.92 ,25.64B,-6.02%
10/19/2008,1839.62 ,1924.18 ,1996.66 ,1825.53 ,24.11B,-4.71%
10/12/2008,1930.65 ,1978.56 ,2146.73 ,1901.50 ,25.48B,-3.50%
10/05/2008,2000.57 ,2267.39 ,2267.39 ,1963.18 ,26.77B,-12.78%
09/21/2008,2293.78 ,2241.72 ,2333.28 ,2116.96 ,48.41B,10.54%
09/14/2008,2075.09 ,2049.81 ,2075.09 ,1802.33 ,21.68B,-0.22%
09/07/2008,2079.67 ,2210.34 ,2220.55 ,2064.29 ,17.42B,-5.57%
08/31/2008,2202.45 ,2380.47 ,2380.47 ,2199.36 ,18.55B,-8.13%
08/24/2008,2397.37 ,2408.09 ,2443.99 ,2310.45 ,19.68B,-0.33%
08/17/2008,2405.23 ,2451.78 ,2523.47 ,2284.59 ,27.36B,-1.85%
08/10/2008,2450.61 ,2595.89 ,2601.50 ,2370.74 ,18.74B,-5.95%
08/03/2008,2605.72 ,2782.99 ,2793.26 ,2595.92 ,20.82B,-7.00%
07/27/2008,2801.82 ,2883.76 ,2924.45 ,2721.95 ,26.36B,-2.21%
07/20/2008,2865.10 ,2759.88 ,2912.70 ,2745.64 ,32.45B,3.12%
07/13/2008,2778.37 ,2837.49 ,2896.33 ,2656.61 ,29.41B,-2.74%
07/06/2008,2856.63 ,2673.55 ,2952.04 ,2673.55 ,41.04B,6.99%
06/29/2008,2669.89 ,2724.40 ,2766.80 ,2566.53 ,24.48B,-2.86%
06/22/2008,2748.43 ,2780.15 ,2931.31 ,2723.16 ,27.99B,-2.94%
06/15/2008,2831.74 ,2876.29 ,2945.42 ,2695.63 ,28.10B,-1.29%
06/08/2008,2868.80 ,3202.11 ,3215.50 ,2865.50 ,18.85B,-13.84%
06/01/2008,3329.67 ,3426.20 ,3483.61 ,3312.72 ,23.05B,-3.02%
05/25/2008,3433.35 ,3442.29 ,3486.33 ,3333.95 ,24.77B,-1.14%
05/18/2008,3473.09 ,3615.59 ,3632.01 ,3355.08 ,31.69B,-4.17%
05/11/2008,3624.23 ,3548.61 ,3706.72 ,3508.32 ,40.80B,0.30%
05/04/2008,3613.49 ,3739.80 ,3786.02 ,3523.03 ,45.22B,-2.16%
04/27/2008,3693.11 ,3497.38 ,3705.09 ,3453.28 ,25.05B,3.80%
04/20/2008,3557.75 ,3305.15 ,3658.55 ,2990.79 ,44.67B,14.96%
04/13/2008,3094.67 ,3419.05 ,3427.88 ,3078.17 ,22.46B,-11.40%
04/06/2008,3492.89 ,3418.52 ,3656.96 ,3344.87 ,27.51B,1.35%
03/30/2008,3446.24 ,3465.91 ,3555.82 ,3271.29 ,21.83B,-3.74%
03/23/2008,3580.15 ,3830.35 ,3840.48 ,3357.23 ,27.63B,-5.70%
03/16/2008,3796.58 ,3941.26 ,3941.26 ,3516.33 ,30.69B,-4.19%
03/09/2008,3962.67 ,4265.61 ,4272.98 ,3891.70 ,27.93B,-7.86%
03/02/2008,4300.52 ,4323.70 ,4472.15 ,4210.96 ,38.13B,-1.10%
02/24/2008,4348.54 ,4370.19 ,4391.33 ,4123.31 ,26.08B,-0.50%
02/17/2008,4370.28 ,4546.75 ,4695.80 ,4333.03 ,31.19B,-2.82%
02/10/2008,4497.13 ,4525.03 ,4576.98 ,4431.46 ,11.32B,-2.23%
02/03/2008,4599.70 ,4415.02 ,4672.21 ,4415.02 ,11.60B,6.46%
01/27/2008,4320.77 ,4720.56 ,4720.56 ,4195.75 ,27.92B,-9.26%
01/20/2008,4761.69 ,5188.80 ,5200.93 ,4510.50 ,42.41B,-8.08%
01/13/2008,5180.51 ,5507.58 ,5522.78 ,5039.79 ,41.63B,-5.55%
01/06/2008,5484.68 ,5357.45 ,5500.06 ,5332.60 ,45.55B,2.30%
12/30/2007,5361.57 ,5265.00 ,5372.46 ,5201.89 ,25.60B,1.90%
12/23/2007,5261.56 ,5132.91 ,5336.50 ,5104.65 ,39.51B,3.13%
12/16/2007,5101.78 ,5007.28 ,5112.39 ,4812.16 ,28.43B,1.87%
12/09/2007,5007.91 ,5010.83 ,5209.70 ,4860.16 ,32.82B,-1.65%
12/02/2007,5091.76 ,4838.56 ,5096.80 ,4798.01 ,24.40B,4.52%
11/25/2007,4871.78 ,5102.53 ,5124.89 ,4778.73 ,19.37B,-3.19%
11/18/2007,5032.13 ,5325.30 ,5344.93 ,4896.99 ,20.26B,-5.34%
11/11/2007,5316.27 ,5181.18 ,5453.74 ,5032.58 ,23.80B,0.01%
11/04/2007,5315.54 ,5748.18 ,5787.23 ,5217.63 ,24.82B,-8.00%
10/28/2007,5777.81 ,5641.98 ,6005.13 ,5617.98 ,29.99B,3.37%
10/21/2007,5589.63 ,5742.79 ,5906.69 ,5462.01 ,29.64B,-3.93%
10/14/2007,5818.05 ,5934.77 ,6124.04 ,5766.86 ,38.32B,-1.44%
10/07/2007,5903.26 ,5683.31 ,5959.36 ,5620.00 ,48.56B,6.32%
09/23/2007,5552.30 ,5469.84 ,5560.42 ,5306.82 ,38.14B,1.79%
09/16/2007,5454.67 ,5309.06 ,5489.07 ,5307.77 ,47.74B,2.68%
09/09/2007,5312.18 ,5208.32 ,5395.04 ,5025.34 ,49.07B,0.66%
09/02/2007,5277.18 ,5257.78 ,5412.32 ,5223.67 ,56.93B,1.12%
08/26/2007,5218.82 ,5144.82 ,5235.16 ,5058.45 ,52.72B,2.18%
08/19/2007,5107.67 ,4773.83 ,5125.36 ,4758.40 ,51.98B,9.69%
08/12/2007,4656.57 ,4768.62 ,4916.31 ,4646.43 ,47.50B,-1.95%
08/05/2007,4749.37 ,4600.12 ,4769.62 ,4564.31 ,54.63B,4.14%
07/29/2007,4560.77 ,4348.61 ,4562.69 ,4284.87 ,56.08B,4.96%
07/22/2007,4345.36 ,4091.24 ,4371.51 ,4091.24 ,52.61B,7.06%
07/15/2007,4058.85 ,3920.65 ,4062.12 ,3767.22 ,29.10B,3.69%
07/08/2007,3914.39 ,3809.67 ,3935.51 ,3782.73 ,31.26B,3.52%
07/01/2007,3781.35 ,3800.23 ,3916.47 ,3563.54 ,34.46B,-1.03%
06/24/2007,3820.70 ,4102.79 ,4131.13 ,3779.81 ,47.45B,-6.62%
06/17/2007,4091.45 ,4195.39 ,4312.00 ,4024.49 ,62.14B,-1.00%
06/10/2007,4132.87 ,3942.01 ,4193.45 ,3910.00 ,69.73B,5.62%
06/03/2007,3913.14 ,3981.82 ,3987.27 ,3404.15 ,69.61B,-2.19%
05/27/2007,4000.74 ,4221.58 ,4335.96 ,3858.04 ,87.04B,-4.28%
05/20/2007,4179.78 ,3902.35 ,4208.39 ,3892.97 ,82.63B,3.71%
05/13/2007,4030.26 ,3970.66 ,4081.43 ,3845.23 ,69.78B,0.21%
05/06/2007,4021.68 ,3937.94 ,4072.14 ,3875.38 ,68.07B,4.70%
04/29/2007,3841.27 ,3784.27 ,3851.35 ,3759.48 ,14.65B,2.16%
04/22/2007,3759.87 ,3615.79 ,3802.92 ,3615.79 ,73.91B,4.90%
04/15/2007,3584.20 ,3523.22 ,3623.87 ,3358.93 ,75.38B,1.87%
04/08/2007,3518.27 ,3333.42 ,3563.86 ,3333.26 ,71.88B,5.86%
04/01/2007,3323.59 ,3196.59 ,3334.22 ,3196.59 ,55.27B,4.38%
03/25/2007,3183.98 ,3083.94 ,3273.73 ,3052.08 ,65.35B,3.57%
03/18/2007,3074.29 ,2864.26 ,3099.82 ,2852.86 ,54.67B,4.91%
03/11/2007,2930.48 ,2945.92 ,2979.71 ,2868.81 ,54.69B,-0.25%
03/04/2007,2937.91 ,2827.68 ,2962.42 ,2723.07 ,46.80B,3.76%
02/25/2007,2831.53 ,2999.09 ,3049.77 ,2732.88 ,61.62B,-5.57%
02/11/2007,2998.47 ,2729.84 ,3036.35 ,2728.78 ,47.88B,9.82%
02/04/2007,2730.39 ,2658.07 ,2751.16 ,2541.53 ,42.00B,2.14%
01/28/2007,2673.21 ,2897.25 ,2980.51 ,2666.86 ,51.72B,-7.26%
01/21/2007,2882.56 ,2857.90 ,2994.28 ,2720.83 ,63.02B,1.78%
01/14/2007,2832.21 ,2660.07 ,2870.42 ,2658.88 ,56.47B,6.15%
01/07/2007,2668.11 ,2621.07 ,2841.74 ,2620.62 ,55.82B,1.01%
12/31/2006,2641.33 ,2728.19 ,2847.61 ,2617.02 ,22.63B,-1.28%
12/24/2006,2675.47 ,2350.13 ,2698.90 ,2350.13 ,38.38B,14.16%
12/17/2006,2343.67 ,2277.28 ,2386.82 ,2277.28 ,39.73B,3.07%
12/10/2006,2273.91 ,2085.06 ,2275.49 ,2084.27 ,30.94B,8.61%
12/03/2006,2093.64 ,2103.82 ,2206.51 ,2090.40 ,45.99B,-0.40%
11/26/2006,2102.05 ,2042.19 ,2112.58 ,1992.54 ,31.79B,2.50%
11/19/2006,2050.81 ,1977.53 ,2071.24 ,1977.53 ,29.99B,4.01%
11/12/2006,1971.79 ,1878.70 ,1976.05 ,1841.82 ,25.33B,4.70%
11/05/2006,1883.35 ,1853.19 ,1920.18 ,1846.01 ,24.91B,0.91%
10/29/2006,1866.36 ,1804.37 ,1873.66 ,1788.29 ,24.13B,3.28%
10/22/2006,1807.17 ,1789.64 ,1842.73 ,1753.49 ,25.13B,0.94%
10/15/2006,1790.36 ,1787.70 ,1801.33 ,1758.31 ,20.58B,0.32%
10/08/2006,1784.66 ,1768.14 ,1793.14 ,1763.11 ,25.31B,1.84%
09/24/2006,1752.42 ,1722.74 ,1755.69 ,1704.77 ,17.78B,1.57%
09/17/2006,1725.36 ,1727.91 ,1746.62 ,1719.16 ,21.14B,0.25%
09/10/2006,1721.05 ,1668.16 ,1722.66 ,1653.01 ,19.19B,3.18%
09/03/2006,1667.98 ,1635.33 ,1683.89 ,1635.12 ,16.53B,1.91%
08/27/2006,1636.69 ,1627.12 ,1667.53 ,1624.28 ,18.99B,0.84%
08/20/2006,1623.03 ,1565.46 ,1630.05 ,1558.10 ,13.02B,1.57%
08/13/2006,1598.02 ,1605.20 ,1616.45 ,1564.40 ,12.18B,-0.49%
08/06/2006,1605.93 ,1561.80 ,1610.76 ,1541.41 ,11.89B,2.28%
07/30/2006,1570.15 ,1659.54 ,1659.54 ,1567.25 ,14.05B,-5.53%
07/23/2006,1662.03 ,1648.75 ,1701.61 ,1632.69 ,16.61B,-0.20%
07/16/2006,1665.33 ,1662.05 ,1684.67 ,1636.26 ,15.73B,0.01%
07/09/2006,1665.21 ,1730.70 ,1753.28 ,1633.90 ,23.70B,-3.76%
07/02/2006,1730.19 ,1677.31 ,1757.47 ,1670.02 ,26.32B,3.47%
06/25/2006,1672.21 ,1607.79 ,1690.95 ,1607.79 ,21.08B,4.14%
06/18/2006,1605.71 ,1559.98 ,1617.71 ,1544.93 ,17.83B,1.98%
06/11/2006,1574.47 ,1540.22 ,1574.47 ,1512.52 ,15.84B,1.49%
06/04/2006,1551.38 ,1669.24 ,1692.83 ,1540.93 ,29.24B,-7.07%
05/28/2006,1669.40 ,1622.11 ,1695.58 ,1609.01 ,30.78B,3.44%
05/21/2006,1613.89 ,1656.75 ,1674.22 ,1562.39 ,28.92B,-2.75%
05/14/2006,1659.55 ,1616.26 ,1678.60 ,1582.96 ,38.47B,3.54%
05/07/2006,1602.83 ,1446.99 ,1603.21 ,1446.99 ,32.06B,11.29%
04/23/2006,1440.22 ,1423.41 ,1444.71 ,1386.13 ,22.58B,1.65%
04/16/2006,1416.79 ,1360.64 ,1419.89 ,1353.40 ,20.85B,4.21%
04/09/2006,1359.54 ,1344.24 ,1366.52 ,1328.43 ,20.16B,1.23%
04/02/2006,1342.96 ,1298.68 ,1348.52 ,1298.68 ,19.01B,3.44%
03/26/2006,1298.30 ,1296.07 ,1313.12 ,1283.68 ,13.25B,0.28%
03/19/2006,1294.70 ,1269.58 ,1308.06 ,1264.41 ,11.69B,1.99%
03/12/2006,1269.46 ,1245.30 ,1277.19 ,1245.30 ,8.42B,1.91%
03/05/2006,1245.65 ,1292.75 ,1296.85 ,1238.16 ,9.23B,-3.68%
02/26/2006,1293.30 ,1297.69 ,1308.20 ,1275.62 ,12.75B,-0.28%
02/19/2006,1296.87 ,1268.11 ,1297.94 ,1256.81 ,12.32B,2.32%
02/12/2006,1267.41 ,1283.78 ,1300.99 ,1265.14 ,13.71B,-1.19%
02/05/2006,1282.66 ,1263.00 ,1297.40 ,1263.00 ,15.58B,1.96%
01/22/2006,1258.05 ,1254.78 ,1262.09 ,1244.27 ,8.53B,0.22%
01/15/2006,1255.31 ,1221.11 ,1258.70 ,1198.84 ,13.85B,2.77%
01/08/2006,1221.46 ,1210.32 ,1231.22 ,1203.65 ,14.09B,1.00%
01/01/2006,1209.42 ,1163.88 ,1215.54 ,1161.91 ,8.71B,4.17%
12/25/2005,1161.06 ,1145.77 ,1173.06 ,1145.34 ,9.08B,1.41%
12/18/2005,1144.87 ,1127.84 ,1144.94 ,1123.50 ,6.18B,1.54%
12/11/2005,1127.51 ,1115.75 ,1134.85 ,1106.75 ,6.78B,1.26%
12/04/2005,1113.48 ,1093.10 ,1114.58 ,1074.01 ,5.66B,1.75%
11/27/2005,1094.29 ,1113.83 ,1119.35 ,1089.56 ,5.52B,-1.85%
11/20/2005,1114.92 ,1117.78 ,1122.88 ,1093.95 ,7.54B,-0.19%
11/13/2005,1117.00 ,1089.56 ,1122.61 ,1075.43 ,6.85B,2.46%
11/06/2005,1090.19 ,1099.53 ,1117.06 ,1078.58 ,7.28B,-0.90%
10/30/2005,1100.05 ,1079.04 ,1111.44 ,1074.30 ,7.72B,1.77%
10/23/2005,1080.87 ,1141.33 ,1143.46 ,1067.41 ,8.86B,-5.30%
10/16/2005,1141.32 ,1138.38 ,1150.59 ,1119.38 ,8.84B,0.16%
10/09/2005,1139.55 ,1153.67 ,1165.67 ,1133.89 ,7.57B,-1.39%
09/25/2005,1155.61 ,1150.93 ,1158.70 ,1129.05 ,8.04B,0.32%
09/18/2005,1151.98 ,1213.49 ,1223.57 ,1147.19 ,13.61B,-5.03%
09/11/2005,1212.95 ,1189.75 ,1218.94 ,1181.43 ,12.49B,1.96%
09/04/2005,1189.62 ,1189.07 ,1204.46 ,1168.58 ,14.17B,0.06%
08/28/2005,1188.85 ,1172.00 ,1188.91 ,1140.10 ,12.73B,1.45%
08/21/2005,1171.86 ,1148.97 ,1174.54 ,1139.24 ,11.71B,1.88%
08/14/2005,1150.18 ,1167.03 ,1201.76 ,1132.87 ,17.65B,-1.52%
08/07/2005,1167.91 ,1131.80 ,1192.05 ,1130.59 ,16.63B,3.47%
07/31/2005,1128.74 ,1082.80 ,1129.07 ,1081.12 ,11.17B,4.22%
07/24/2005,1083.03 ,1045.27 ,1097.63 ,1040.59 ,10.59B,3.51%
07/17/2005,1046.32 ,1023.38 ,1054.63 ,1004.66 ,6.80B,1.97%
07/10/2005,1026.12 ,1026.79 ,1049.88 ,1004.08 ,6.79B,0.80%
07/03/2005,1017.98 ,1050.24 ,1050.24 ,1015.40 ,5.09B,-3.56%
06/26/2005,1055.59 ,1108.46 ,1129.96 ,1053.63 ,7.62B,-4.20%
06/19/2005,1101.88 ,1087.85 ,1115.86 ,1073.41 ,7.19B,1.50%
06/12/2005,1085.61 ,1105.96 ,1119.68 ,1064.03 ,8.41B,-2.05%
06/05/2005,1108.29 ,1010.38 ,1146.42 ,998.23 ,13.61B,9.34%
05/29/2005,1013.64 ,1049.72 ,1070.50 ,1000.52 ,4.94B,-3.64%
05/22/2005,1051.95 ,1095.31 ,1095.31 ,1050.06 ,5.00B,-4.30%
05/15/2005,1099.27 ,1105.40 ,1108.84 ,1082.14 ,5.24B,-0.75%
05/08/2005,1107.63 ,1160.62 ,1165.39 ,1093.28 ,6.09B,-4.44%
04/24/2005,1159.15 ,1166.34 ,1172.71 ,1135.73 ,7.27B,-0.86%
04/17/2005,1169.19 ,1212.39 ,1212.39 ,1163.40 ,6.06B,-3.93%
04/10/2005,1216.96 ,1248.15 ,1254.32 ,1213.20 ,8.18B,-2.53%
04/03/2005,1248.52 ,1212.12 ,1249.20 ,1183.91 ,8.42B,2.04%
03/27/2005,1223.57 ,1204.85 ,1237.80 ,1162.03 ,5.97B,1.49%
03/20/2005,1205.63 ,1226.14 ,1232.82 ,1187.58 ,5.91B,-1.77%
03/13/2005,1227.40 ,1288.98 ,1304.11 ,1223.62 ,7.33B,-4.85%
03/06/2005,1289.94 ,1288.41 ,1326.08 ,1278.15 ,8.22B,0.17%
02/27/2005,1287.71 ,1311.44 ,1316.72 ,1276.88 ,7.41B,-1.88%
02/20/2005,1312.44 ,1259.53 ,1328.53 ,1259.51 ,10.35B,4.25%
02/13/2005,1258.97 ,1276.02 ,1291.46 ,1258.56 ,3.64B,-0.79%
01/30/2005,1269.00 ,1210.76 ,1274.12 ,1187.26 ,7.49B,4.56%
01/23/2005,1213.67 ,1258.02 ,1265.95 ,1208.86 ,5.71B,-1.69%
01/16/2005,1234.48 ,1235.57 ,1237.91 ,1189.21 ,5.69B,-0.89%
01/09/2005,1245.62 ,1243.58 ,1268.86 ,1236.09 ,4.04B,0.07%
01/02/2005,1244.75 ,1260.78 ,1260.78 ,1234.24 ,3.37B,-1.72%
12/26/2004,1266.50 ,1285.41 ,1292.31 ,1264.15 ,4.08B,-1.44%
12/19/2004,1285.04 ,1286.07 ,1308.59 ,1271.03 ,4.41B,-0.42%
12/12/2004,1290.49 ,1312.61 ,1317.82 ,1288.24 ,4.47B,-2.07%
12/05/2004,1317.72 ,1337.81 ,1352.45 ,1316.64 ,5.58B,-1.46%
11/28/2004,1337.20 ,1354.58 ,1354.58 ,1324.55 ,5.52B,-1.44%
11/21/2004,1356.73 ,1381.58 ,1387.34 ,1348.41 ,7.32B,-1.68%
11/14/2004,1379.96 ,1354.48 ,1380.08 ,1350.52 ,6.63B,2.05%
11/07/2004,1352.22 ,1303.52 ,1379.86 ,1292.91 ,8.10B,3.61%
10/31/2004,1305.13 ,1317.66 ,1338.26 ,1290.99 ,6.02B,-1.17%
10/24/2004,1320.54 ,1337.25 ,1356.63 ,1289.87 ,9.29B,-0.66%
10/17/2004,1329.36 ,1332.52 ,1361.81 ,1294.04 ,6.94B,-0.09%
10/10/2004,1330.52 ,1424.22 ,1437.57 ,1312.55 ,8.54B,-6.49%
10/03/2004,1422.93 ,1395.67 ,1423.20 ,1373.93 ,1.38B,1.88%
09/26/2004,1396.70 ,1452.51 ,1466.40 ,1390.68 ,6.00B,-2.71%
09/19/2004,1435.56 ,1423.97 ,1496.21 ,1408.61 ,17.01B,1.47%
09/12/2004,1414.70 ,1285.32 ,1415.64 ,1259.43 ,10.29B,9.92%
09/05/2004,1287.08 ,1326.46 ,1326.87 ,1270.94 ,3.38B,-3.02%
08/29/2004,1327.12 ,1318.32 ,1360.75 ,1303.19 ,3.98B,0.49%
08/22/2004,1320.61 ,1339.93 ,1347.15 ,1314.60 ,3.48B,-1.57%
08/15/2004,1341.74 ,1366.52 ,1371.23 ,1327.77 ,3.80B,-1.95%
08/08/2004,1368.45 ,1388.08 ,1404.72 ,1357.08 ,3.89B,-1.58%
08/01/2004,1390.46 ,1381.88 ,1424.55 ,1363.69 ,5.14B,0.31%
07/25/2004,1386.20 ,1401.84 ,1409.12 ,1366.50 ,4.70B,-1.51%
07/18/2004,1407.40 ,1456.77 ,1465.84 ,1387.26 ,5.76B,-3.35%
07/11/2004,1456.13 ,1426.25 ,1458.38 ,1378.91 ,5.98B,1.78%
07/04/2004,1430.65 ,1440.17 ,1466.78 ,1426.95 ,4.21B,-0.73%
06/27/2004,1441.19 ,1396.36 ,1447.61 ,1376.22 ,5.09B,2.86%
06/20/2004,1401.11 ,1421.83 ,1456.13 ,1399.39 ,4.51B,-1.83%
06/13/2004,1427.30 ,1471.45 ,1491.69 ,1411.03 ,5.03B,-3.04%
06/06/2004,1472.07 ,1538.46 ,1538.50 ,1456.32 ,5.11B,-4.54%
05/30/2004,1542.09 ,1549.03 ,1580.57 ,1534.99 ,5.57B,-0.43%
05/23/2004,1548.72 ,1559.55 ,1562.33 ,1508.64 ,4.49B,-0.62%
05/16/2004,1558.33 ,1556.67 ,1575.38 ,1526.24 ,5.05B,-0.28%
05/09/2004,1562.69 ,1600.63 ,1606.07 ,1545.63 ,4.52B,-2.06%
04/25/2004,1595.59 ,1633.27 ,1644.50 ,1572.23 ,6.13B,-2.44%
04/18/2004,1635.50 ,1695.33 ,1698.69 ,1632.56 ,6.67B,-3.45%
04/11/2004,1693.86 ,1717.20 ,1734.92 ,1656.30 ,8.97B,-1.94%
04/04/2004,1727.35 ,1771.74 ,1783.01 ,1721.59 ,11.60B,-2.33%
03/28/2004,1768.64 ,1734.59 ,1771.67 ,1711.66 ,8.56B,1.99%
03/21/2004,1734.05 ,1749.71 ,1760.08 ,1720.88 ,8.65B,-0.79%
03/14/2004,1747.87 ,1696.94 ,1755.10 ,1696.82 ,10.52B,3.13%
03/07/2004,1694.74 ,1660.64 ,1699.25 ,1634.71 ,8.29B,1.96%
02/29/2004,1662.10 ,1676.22 ,1694.82 ,1642.62 ,9.37B,-0.77%
02/22/2004,1675.07 ,1725.59 ,1730.28 ,1628.84 ,12.30B,-2.71%
02/15/2004,1721.75 ,1661.45 ,1728.02 ,1661.45 ,13.27B,3.81%
02/08/2004,1658.54 ,1679.58 ,1715.46 ,1653.24 ,13.00B,-1.23%
02/01/2004,1679.19 ,1630.65 ,1705.91 ,1585.96 ,16.03B,5.56%
01/25/2004,1590.73 ,1605.25 ,1634.41 ,1589.40 ,4.25B,-0.61%
01/11/2004,1600.42 ,1579.88 ,1627.49 ,1573.77 ,10.87B,1.20%
01/04/2004,1581.47 ,1516.80 ,1618.76 ,1516.70 ,15.23B,4.24%
12/28/2003,1517.19 ,1509.28 ,1526.24 ,1491.25 ,6.05B,0.16%
12/21/2003,1514.78 ,1444.17 ,1525.30 ,1441.59 ,9.77B,4.74%
12/14/2003,1446.29 ,1471.24 ,1480.43 ,1429.71 ,8.16B,-1.67%
12/07/2003,1470.79 ,1452.11 ,1475.38 ,1429.06 ,7.73B,1.36%
11/30/2003,1451.12 ,1398.71 ,1462.07 ,1398.71 ,9.23B,3.86%
11/23/2003,1397.22 ,1360.33 ,1423.58 ,1360.23 ,8.72B,2.62%
11/16/2003,1361.56 ,1330.49 ,1394.57 ,1312.56 ,7.13B,2.29%
11/09/2003,1331.05 ,1330.96 ,1350.39 ,1307.39 ,4.27B,-0.31%
11/02/2003,1335.20 ,1346.48 ,1412.91 ,1323.12 ,8.00B,-0.97%
10/26/2003,1348.30 ,1381.84 ,1383.60 ,1334.78 ,5.01B,-2.43%
10/19/2003,1381.83 ,1369.71 ,1407.39 ,1350.21 ,4.64B,0.82%
10/12/2003,1370.58 ,1405.33 ,1411.88 ,1362.41 ,3.27B,-2.38%
10/05/2003,1404.01 ,1366.20 ,1406.00 ,1359.50 ,2.25B,2.70%
09/28/2003,1367.16 ,1369.44 ,1371.07 ,1348.22 ,1.09B,-0.27%
09/21/2003,1370.84 ,1392.90 ,1396.94 ,1367.75 ,2.71B,-1.48%
09/14/2003,1391.37 ,1407.81 ,1416.08 ,1383.40 ,3.13B,-1.26%
09/07/2003,1409.16 ,1429.46 ,1429.71 ,1407.95 ,3.18B,-1.56%
08/31/2003,1431.53 ,1423.35 ,1456.55 ,1420.12 ,4.07B,0.67%
08/24/2003,1421.98 ,1434.21 ,1434.21 ,1406.68 ,2.55B,-1.17%
08/17/2003,1438.88 ,1449.67 ,1453.45 ,1432.75 ,2.61B,-0.78%
08/10/2003,1450.20 ,1469.26 ,1484.59 ,1447.11 ,2.71B,-1.43%
08/03/2003,1471.27 ,1476.82 ,1497.10 ,1468.44 ,3.15B,-0.39%
07/27/2003,1476.97 ,1474.74 ,1483.07 ,1464.87 ,3.04B,-0.05%
07/20/2003,1477.65 ,1501.39 ,1510.31 ,1471.29 ,4.68B,-1.96%
07/13/2003,1507.16 ,1528.39 ,1540.19 ,1506.49 ,4.46B,-1.42%
07/06/2003,1528.85 ,1500.85 ,1535.97 ,1490.97 ,4.46B,1.76%
06/29/2003,1502.35 ,1493.69 ,1510.17 ,1477.87 ,3.20B,0.35%
06/22/2003,1497.05 ,1524.58 ,1524.91 ,1486.08 ,3.75B,-2.12%
06/15/2003,1529.47 ,1568.19 ,1569.55 ,1528.30 ,4.05B,-2.38%
06/08/2003,1566.77 ,1536.27 ,1572.41 ,1527.84 ,4.76B,1.81%
06/01/2003,1538.92 ,1577.99 ,1582.41 ,1538.10 ,5.94B,-2.37%
05/25/2003,1576.26 ,1563.20 ,1581.61 ,1543.34 ,7.55B,0.98%
05/18/2003,1560.95 ,1557.29 ,1571.69 ,1522.19 ,6.18B,0.42%
05/11/2003,1554.45 ,1522.98 ,1560.72 ,1477.25 ,9.51B,2.17%
04/27/2003,1521.44 ,1483.47 ,1539.57 ,1473.27 ,6.13B,2.31%
04/20/2003,1487.15 ,1598.50 ,1598.58 ,1481.07 ,8.00B,-7.23%
04/13/2003,1603.08 ,1581.38 ,1649.60 ,1581.20 ,16.06B,1.66%
04/06/2003,1576.86 ,1521.90 ,1581.70 ,1510.34 ,11.72B,3.66%
03/30/2003,1521.13 ,1491.39 ,1525.77 ,1490.99 ,5.10B,1.96%
03/23/2003,1491.94 ,1474.59 ,1508.26 ,1447.01 ,4.27B,1.17%
03/16/2003,1474.66 ,1465.14 ,1478.99 ,1452.59 ,3.10B,0.59%
03/09/2003,1466.04 ,1492.21 ,1496.16 ,1458.50 ,2.82B,-1.81%
03/02/2003,1493.09 ,1511.59 ,1529.75 ,1489.38 ,3.90B,-1.25%
02/23/2003,1511.93 ,1476.07 ,1524.75 ,1474.47 ,3.71B,2.24%
02/16/2003,1478.87 ,1510.64 ,1517.77 ,1476.41 ,4.22B,-2.12%
02/09/2003,1510.95 ,1499.17 ,1519.29 ,1476.87 ,4.05B,0.74%
01/26/2003,1499.82 ,1481.61 ,1508.59 ,1480.97 ,3.08B,1.40%
01/19/2003,1479.07 ,1475.71 ,1489.55 ,1446.35 ,6.03B,0.03%
01/12/2003,1478.67 ,1381.87 ,1492.72 ,1378.65 ,11.21B,6.77%
01/05/2003,1384.86 ,1319.69 ,1411.37 ,1311.68 ,5.17B,4.92%
12/29/2002,1319.87 ,1379.74 ,1379.75 ,1312.80 ,2.16B,-4.56%
12/22/2002,1382.97 ,1429.95 ,1439.85 ,1367.85 ,3.26B,-3.15%
12/15/2002,1427.94 ,1397.72 ,1431.36 ,1392.89 ,2.98B,2.22%
12/08/2002,1396.90 ,1404.51 ,1410.79 ,1367.31 ,2.29B,-0.61%
12/01/2002,1405.53 ,1432.03 ,1432.90 ,1388.51 ,2.82B,-2.00%
11/24/2002,1434.18 ,1393.34 ,1450.19 ,1353.14 ,4.00B,2.77%
11/17/2002,1395.50 ,1463.72 ,1468.33 ,1375.54 ,2.76B,-4.66%
11/10/2002,1463.69 ,1519.60 ,1526.13 ,1451.39 ,3.02B,-3.84%
11/03/2002,1522.19 ,1516.22 ,1573.10 ,1515.07 ,3.91B,0.76%
10/27/2002,1510.76 ,1518.09 ,1521.87 ,1488.68 ,2.06B,-0.63%
10/20/2002,1520.31 ,1519.20 ,1553.87 ,1512.33 ,2.44B,0.05%
10/13/2002,1519.54 ,1522.87 ,1548.53 ,1500.54 ,2.25B,-0.30%
10/06/2002,1524.05 ,1577.05 ,1577.05 ,1521.91 ,3.08B,-3.64%
09/22/2002,1581.62 ,1602.28 ,1604.30 ,1577.53 ,1.72B,-1.45%
09/15/2002,1604.91 ,1624.13 ,1624.14 ,1585.07 ,2.11B,-1.28%
09/08/2002,1625.76 ,1628.45 ,1631.66 ,1605.98 ,1.85B,-0.34%
09/01/2002,1631.38 ,1666.34 ,1680.28 ,1629.93 ,2.27B,-2.11%
08/25/2002,1666.62 ,1682.14 ,1683.51 ,1664.82 ,2.50B,-0.99%
08/18/2002,1683.21 ,1645.93 ,1696.28 ,1641.40 ,3.22B,2.21%
08/11/2002,1646.79 ,1642.48 ,1652.98 ,1624.05 ,1.90B,-0.02%
08/04/2002,1647.05 ,1661.40 ,1679.81 ,1642.77 ,2.27B,-0.89%
07/28/2002,1661.87 ,1654.92 ,1672.12 ,1639.22 ,2.47B,0.26%
07/21/2002,1657.50 ,1712.02 ,1712.33 ,1656.82 ,3.05B,-3.29%
07/14/2002,1713.86 ,1696.81 ,1714.09 ,1680.20 ,3.67B,0.92%
07/07/2002,1698.30 ,1723.58 ,1741.92 ,1689.22 ,5.09B,-1.39%
06/30/2002,1722.19 ,1736.29 ,1740.38 ,1698.83 ,6.81B,-0.61%
06/23/2002,1732.76 ,1704.70 ,1748.89 ,1647.50 ,16.68B,10.88%
06/16/2002,1562.72 ,1489.13 ,1564.92 ,1481.25 ,2.79B,4.58%
06/09/2002,1494.25 ,1529.34 ,1534.38 ,1493.24 ,2.08B,-2.31%
06/02/2002,1529.51 ,1510.25 ,1540.83 ,1455.31 ,3.28B,0.91%
05/26/2002,1515.73 ,1555.04 ,1569.41 ,1506.54 ,2.25B,-2.18%
05/19/2002,1549.47 ,1564.97 ,1599.11 ,1529.35 ,3.41B,-1.15%
05/12/2002,1567.50 ,1634.90 ,1634.92 ,1540.58 ,3.23B,-4.32%
05/05/2002,1638.20 ,1669.87 ,1670.92 ,1636.86 ,1.63B,-1.77%
04/28/2002,1667.75 ,1643.55 ,1673.75 ,1640.56 ,2.02B,1.66%
04/21/2002,1640.59 ,1633.64 ,1643.15 ,1603.64 ,2.73B,0.33%
04/14/2002,1635.17 ,1660.57 ,1664.52 ,1603.96 ,3.52B,-1.44%
04/07/2002,1658.98 ,1633.83 ,1680.30 ,1631.07 ,5.23B,1.49%
03/31/2002,1634.64 ,1598.03 ,1657.09 ,1575.97 ,4.00B,1.92%
03/24/2002,1603.90 ,1667.85 ,1677.05 ,1596.25 ,4.51B,-3.94%
03/17/2002,1669.69 ,1641.43 ,1693.87 ,1610.99 ,6.79B,3.00%
03/10/2002,1620.98 ,1643.59 ,1676.51 ,1620.56 ,8.14B,-1.18%
03/03/2002,1640.26 ,1497.83 ,1645.29 ,1494.83 ,7.29B,9.17%
02/24/2002,1502.54 ,1540.49 ,1544.92 ,1501.56 ,3.40B,-0.27%
02/03/2002,1506.62 ,1485.68 ,1530.13 ,1476.13 ,4.31B,1.40%
01/27/2002,1485.77 ,1444.50 ,1507.64 ,1339.20 ,5.60B,2.36%
01/20/2002,1451.48 ,1407.00 ,1478.54 ,1346.17 ,4.50B,2.55%
01/13/2002,1415.44 ,1519.93 ,1519.93 ,1376.89 ,3.14B,-7.82%
01/06/2002,1535.59 ,1605.74 ,1607.72 ,1523.66 ,2.20B,-4.70%
12/30/2001,1611.39 ,1641.43 ,1649.80 ,1608.83 ,655.15M,-1.71%
12/23/2001,1639.48 ,1639.52 ,1644.41 ,1593.03 ,2.41B,-0.04%
12/16/2001,1640.14 ,1673.24 ,1693.18 ,1624.50 ,2.29B,-2.11%
12/09/2001,1675.51 ,1743.62 ,1748.97 ,1673.32 ,2.80B,-4.00%
12/02/2001,1745.41 ,1751.05 ,1776.02 ,1737.06 ,3.99B,-0.15%
11/25/2001,1747.99 ,1710.13 ,1748.00 ,1696.00 ,3.12B,2.07%
11/18/2001,1712.56 ,1645.09 ,1721.97 ,1644.82 ,3.38B,4.00%
11/11/2001,1646.76 ,1631.80 ,1734.67 ,1598.11 ,2.38B,1.01%
11/04/2001,1630.36 ,1687.84 ,1688.31 ,1550.46 ,2.42B,-3.61%
10/28/2001,1691.35 ,1678.72 ,1717.74 ,1655.89 ,2.41B,0.80%
10/21/2001,1677.88 ,1558.47 ,1744.92 ,1514.86 ,5.50B,6.70%
10/14/2001,1572.45 ,1692.17 ,1703.59 ,1550.91 ,1.99B,-7.03%
10/07/2001,1691.33 ,1766.13 ,1773.80 ,1598.79 ,2.09B,-4.17%
09/23/2001,1764.87 ,1804.89 ,1813.31 ,1750.76 ,1.50B,-2.33%
09/16/2001,1807.02 ,1811.90 ,1836.79 ,1780.05 ,2.17B,-0.62%
09/09/2001,1818.38 ,1790.21 ,1871.13 ,1774.83 ,2.97B,0.53%
09/02/2001,1808.84 ,1831.70 ,1888.90 ,1807.14 ,2.46B,-1.38%
08/26/2001,1834.14 ,1881.31 ,1881.31 ,1795.57 ,2.37B,-2.79%
08/19/2001,1886.80 ,1923.10 ,1947.40 ,1869.49 ,2.84B,-1.93%
08/12/2001,1924.00 ,1956.92 ,1963.14 ,1909.67 ,2.50B,-1.59%
08/05/2001,1955.04 ,1953.41 ,1956.40 ,1861.78 ,4.39B,-0.19%
07/29/2001,1958.69 ,2056.76 ,2056.77 ,1909.30 ,3.30B,-5.18%
07/22/2001,2065.73 ,2183.74 ,2185.86 ,2063.89 ,3.23B,-5.23%
07/15/2001,2179.62 ,2176.34 ,2183.52 ,2121.28 ,3.04B,0.85%
07/08/2001,2161.34 ,2169.47 ,2192.52 ,2153.68 ,2.51B,-0.42%
07/01/2001,2170.52 ,2220.42 ,2223.21 ,2168.78 ,2.93B,-2.14%
06/24/2001,2218.03 ,2210.07 ,2237.52 ,2210.04 ,4.90B,0.54%
06/17/2001,2206.07 ,2211.89 ,2214.11 ,2157.12 ,3.65B,-0.22%
06/10/2001,2210.97 ,2223.80 ,2245.43 ,2188.25 ,5.31B,-0.54%
06/03/2001,2223.07 ,2223.91 ,2242.69 ,2211.75 ,5.55B,0.16%
05/27/2001,2219.59 ,2194.45 ,2223.26 ,2171.68 ,5.75B,1.19%
05/20/2001,2193.58 ,2207.78 ,2218.45 ,2175.28 ,5.72B,-0.44%
05/13/2001,2203.37 ,2161.61 ,2205.01 ,2160.12 ,5.87B,2.23%
05/06/2001,2155.41 ,2119.90 ,2155.42 ,2119.89 ,3.11B,1.71%
04/29/2001,2119.18 ,2117.17 ,2122.50 ,2111.95 ,763.66M,0.19%
04/22/2001,2115.11 ,2150.34 ,2170.39 ,2102.82 ,5.69B,-1.73%
04/15/2001,2152.34 ,2150.29 ,2179.74 ,2148.31 ,7.51B,0.32%
04/08/2001,2145.40 ,2108.97 ,2145.44 ,2100.97 ,5.18B,1.74%
04/01/2001,2108.61 ,2117.45 ,2129.83 ,2081.64 ,5.20B,-0.20%
03/25/2001,2112.78 ,2052.05 ,2112.88 ,2052.05 ,6.19B,2.88%
03/18/2001,2053.54 ,2019.85 ,2093.95 ,2017.49 ,6.70B,1.65%
03/11/2001,2020.24 ,2013.31 ,2027.33 ,1992.17 ,5.07B,0.43%
03/04/2001,2011.66 ,1991.28 ,2015.50 ,1977.11 ,5.85B,1.34%
02/25/2001,1985.11 ,1940.77 ,1987.39 ,1935.55 ,2.92B,2.52%
02/18/2001,1936.35 ,1942.58 ,1980.39 ,1893.78 ,2.22B,-0.29%
02/11/2001,1941.96 ,1958.65 ,1974.00 ,1911.87 ,2.05B,-0.77%
02/04/2001,1956.97 ,2069.86 ,2072.55 ,1926.40 ,2.75B,-5.26%
01/14/2001,2065.61 ,2097.09 ,2097.09 ,2007.71 ,3.56B,-1.86%
01/07/2001,2104.75 ,2128.60 ,2131.98 ,2082.84 ,4.81B,-0.97%
12/31/2000,2125.30 ,2077.08 ,2127.42 ,2074.88 ,4.17B,2.50%
12/24/2000,2073.48 ,2071.57 ,2079.76 ,2047.74 ,4.14B,0.18%
12/17/2000,2069.77 ,2038.45 ,2086.94 ,2024.29 ,4.06B,1.49%
12/10/2000,2039.36 ,2072.28 ,2072.48 ,2036.88 ,3.27B,-1.63%
12/03/2000,2073.16 ,2084.48 ,2097.29 ,2060.73 ,3.49B,-0.42%
11/26/2000,2081.84 ,2041.15 ,2082.90 ,2031.93 ,3.44B,1.39%
11/19/2000,2053.37 ,2092.59 ,2125.72 ,2045.51 ,5.01B,-1.90%
11/12/2000,2093.24 ,2054.48 ,2104.70 ,2053.44 ,5.10B,2.24%
11/05/2000,2047.46 ,1983.07 ,2051.34 ,1982.75 ,3.87B,3.32%
10/29/2000,1981.63 ,1967.65 ,1992.86 ,1956.42 ,3.21B,0.72%
10/22/2000,1967.40 ,1952.96 ,1980.63 ,1945.53 ,3.48B,1.02%
10/15/2000,1947.45 ,1917.45 ,1947.47 ,1896.94 ,2.43B,1.53%
10/08/2000,1918.16 ,1912.08 ,1948.01 ,1897.24 ,2.63B,0.42%
09/24/2000,1910.16 ,1889.90 ,1917.06 ,1874.21 ,1.82B,0.96%
09/17/2000,1891.98 ,1979.53 ,1981.13 ,1888.09 ,2.70B,-4.37%
09/10/2000,1978.43 ,1963.27 ,1995.32 ,1956.08 ,2.74B,0.98%
09/03/2000,1959.31 ,1994.88 ,2020.85 ,1923.60 ,3.40B,-2.03%
08/27/2000,1999.86 ,2092.12 ,2108.10 ,1997.72 ,5.18B,-4.16%
08/20/2000,2086.70 ,2095.38 ,2114.52 ,1980.35 ,6.95B,-0.17%
08/13/2000,2090.18 ,2065.93 ,2097.32 ,2065.93 ,5.32B,1.33%
08/06/2000,2062.67 ,2025.18 ,2070.30 ,2017.90 ,5.84B,1.79%
07/30/2000,2026.36 ,2016.14 ,2041.28 ,2008.64 ,5.30B,0.67%
07/23/2000,2012.79 ,1998.24 ,2025.00 ,1982.88 ,5.05B,0.82%
07/16/2000,1996.34 ,1992.89 ,2004.46 ,1979.88 ,4.98B,0.46%
07/09/2000,1987.19 ,1938.84 ,1987.22 ,1932.95 ,6.40B,2.81%
07/02/2000,1932.79 ,1917.44 ,1932.83 ,1888.25 ,3.89B,0.24%
06/25/2000,1928.11 ,1946.70 ,1953.34 ,1924.47 ,5.16B,-0.59%
06/18/2000,1939.63 ,1924.69 ,1939.63 ,1888.08 ,4.20B,0.66%
06/11/2000,1926.94 ,1896.43 ,1949.17 ,1884.62 ,5.95B,1.38%
06/04/2000,1900.79 ,1921.97 ,1940.22 ,1889.82 ,7.25B,-0.81%
05/28/2000,1916.25 ,1885.55 ,1916.25 ,1868.61 ,7.13B,1.95%
05/21/2000,1879.62 ,1785.89 ,1890.69 ,1783.30 ,6.60B,5.73%
05/14/2000,1777.83 ,1722.63 ,1777.98 ,1695.53 ,2.82B,3.33%
05/07/2000,1720.61 ,1848.17 ,1852.90 ,1715.06 ,3.35B,-6.30%
04/23/2000,1836.32 ,1844.69 ,1848.97 ,1797.71 ,4.88B,-0.26%
04/16/2000,1841.06 ,1829.62 ,1858.27 ,1778.88 ,6.33B,0.40%
04/09/2000,1833.66 ,1826.61 ,1840.19 ,1785.33 ,6.39B,0.76%
04/02/2000,1819.90 ,1799.58 ,1822.62 ,1746.30 ,5.94B,1.09%
03/26/2000,1800.22 ,1736.70 ,1811.06 ,1736.70 ,8.02B,4.03%
03/19/2000,1730.50 ,1646.31 ,1770.26 ,1641.77 ,7.06B,4.33%
03/12/2000,1658.60 ,1706.77 ,1729.01 ,1596.07 ,5.86B,-2.72%
03/05/2000,1705.05 ,1756.31 ,1762.83 ,1654.44 ,7.07B,-1.90%
02/27/2000,1738.02 ,1639.80 ,1750.64 ,1639.70 ,8.89B,6.52%
02/20/2000,1631.58 ,1681.36 ,1697.01 ,1586.63 ,7.86B,-2.19%
02/13/2000,1668.09 ,1591.44 ,1770.88 ,1583.58 ,11.83B,8.67%
01/23/2000,1535.00 ,1465.86 ,1536.35 ,1449.47 ,5.62B,4.77%
01/16/2000,1465.09 ,1408.99 ,1476.46 ,1402.66 ,3.44B,3.99%
01/09/2000,1408.85 ,1531.71 ,1547.71 ,1401.71 ,4.96B,-7.10%
01/02/2000,1516.60 ,1368.69 ,1522.83 ,1361.21 ,3.53B,10.98%